,track,album,artist,popularity,featured,release_date,track_id,danceability,energy,key,loudness,mode,speechiness,instrumentalness,liveness,valence,tempo,duration_ms,time_signature
0,BIBI Vengeance,Lowlife Princess: Noir,BIBI,76,BIBI,2022-11-17,0ra3bPUOj2YnY4FJHXtgHZ,0.442,0.748,11,-4.718,0,0.0895,0.000128,0.0642,0.408,99.981,165135,4
1,KAZINO,KAZINO,BIBI,68,BIBI,2020-04-29,245onUPHGD1DYuiacxTuW0,0.625,0.686,6,-3.715,0,0.0414,0.0,0.11,0.263,133.041,185947,4
2,Animal Farm,Animal Farm,BIBI,67,BIBI,2022-09-27,3gAXVQOR0h7Ks71lsr5MFZ,0.617,0.57,5,-4.28,0,0.0308,5.92e-06,0.55,0.375,107.971,203946,3
3,BAD SAD AND MAD,Life is a Bi…,BIBI,66,BIBI,2021-04-28,0zPbUxvYRlCGwruakkXPLI,0.746,0.558,0,-7.47,0,0.088,0.00019,0.0904,0.638,90.013,154988,4
4,"Very, Slowly",Twenty-Five Twenty-One OST Part 3,BIBI,62,BIBI,2022-02-20,7GkHIsnziYgk6j1lx2TK6H,0.528,0.423,8,-7.381,1,0.0264,0.00148,0.167,0.249,135.917,214852,4
5,Restless,LISTEN 035 Restless,BIBI,62,BIBI,2020-02-02,4AHNi316rl3KI3hKIsdxZe,0.575,0.607,5,-6.897,1,0.0274,0.000112,0.115,0.298,89.985,267080,4
6,MotoSpeed 24,Sweet Sorrow of Mother,BIBI,59,BIBI,2022-10-24,0BPwEuU9qegqVSob1Ihm97,0.61,0.597,11,-5.169,1,0.0294,1.81e-05,0.136,0.295,95.004,133905,4
7,Maybe if,"Our Beloved Summer (Original Television Soundtrack), Pt. 2",BIBI,59,BIBI,2021-12-13,6MxIazgQENgaa6StpFxGpu,0.593,0.437,0,-7.098,1,0.0552,0.0,0.0919,0.484,121.662,209600,4
8,JOTTO,Lowlife Princess: Noir,BIBI,58,BIBI,2022-11-18,2hP0BkoawxEbnT78BlcILq,0.701,0.755,9,-4.16,1,0.0929,0.0,0.243,0.488,105.005,193856,4
9,Life is a Bi…,Life is a Bi…,BIBI,60,BIBI,2021-04-28,4d79iPe88TzFewhFk2vrcy,0.722,0.501,10,-6.113,0,0.0625,0.0,0.0857,0.541,144.076,156742,4
10,PADO,PADO,BIBI,56,BIBI,2021-09-10,1PSDpiTgnkxHc7GhKrHCaA,0.69,0.784,5,-5.235,1,0.0324,0.0,0.152,0.642,120.101,193133,4
11,비누,비누,BIBI,56,BIBI,2019-05-15,0lSJQip2wVidbu1JfZ4IEQ,0.842,0.522,4,-5.815,0,0.0329,0.0,0.191,0.641,119.045,182200,4
12,Loveholic's hangover (feat. Sam Kim),Lowlife Princess: Noir,BIBI,57,Sam Kim,2022-11-18,2FmByq9VHuQ0N7A8KMmQCg,0.815,0.62,2,-4.998,1,0.052,0.0455,0.0916,0.214,103.975,168156,4
13,Dingo X BIBI - she got it,Dingo X BIBI - she got it,BIBI,56,BIBI,2020-08-06,29wNMwCoKetR1EdruKR3I9,0.757,0.687,7,-5.485,0,0.0443,0.0,0.115,0.583,99.992,215736,4
14,Umm… Life,Life is a Bi…,BIBI,52,BIBI,2021-04-28,1VUMGh78m27FPB1vXL9ipW,0.809,0.427,11,-7.948,0,0.0355,0.0277,0.0979,0.127,104.032,131210,4
15,Step?,Step?,BIBI,52,BIBI,2019-11-28,3fU8FWNIgHEOepLTidZWyq,0.644,0.517,2,-7.812,1,0.0525,0.000488,0.0876,0.212,160.048,191667,4
16,Witch Hunt,Lowlife Princess: Noir,BIBI,57,BIBI,2022-11-18,51C2Xp8avmQpLwJWqt3YJK,0.763,0.698,9,-6.344,1,0.0587,3.01e-06,0.0947,0.708,140.012,104697,4
17,Crazy Like You (feat. BIBI),"Bare&Rare, Pt. 1",CHUNG HA,51,BIBI,2022-07-11,0oUK4m2wNIBPfejlcB1N9k,0.536,0.639,9,-3.999,0,0.0447,0.0,0.209,0.502,170.94,175480,3
18,PIRI the dog,Life is a Bi…,BIBI,50,BIBI,2021-04-28,6gabKCONBTCv2n84TzKqU7,0.872,0.466,11,-7.113,1,0.0637,2.7e-05,0.126,0.348,138.039,140827,4
19,Blade,Lowlife Princess: Noir,BIBI,59,BIBI,2022-11-18,0UM7h0QxpkKqBA8t9EFFsH,0.624,0.76,3,-3.583,1,0.0418,0.00526,0.378,0.178,139.964,190569,4
20,Eat My Love,Eat My Love,BIBI,49,BIBI,2021-02-01,0nkmvo78mFGGRab2BwK37i,0.833,0.743,8,-4.408,1,0.0367,0.0,0.104,0.802,119.981,162867,4
21,Birthday Cake,Life is a Bi…,BIBI,49,BIBI,2021-04-28,7pWDe8ZTlJhviurwrCYU1c,0.645,0.276,1,-9.343,0,0.0423,1.46e-05,0.0926,0.415,107.933,136841,4
22,Wet Nightmare,Lowlife Princess: Noir,BIBI,56,BIBI,2022-11-18,1MCRRGM8G6papoKnE7xtLN,0.596,0.505,11,-7.287,0,0.0493,0.00736,0.203,0.121,144.225,178314,4
23,나비,사랑하는 사람들을 위한 지침서,BIBI,49,BIBI,2019-06-12,51bAYkcnw2WvMo4tps2txV,0.535,0.787,8,-4.193,0,0.112,2.41e-06,0.074,0.777,184.003,193430,4
24,I'm good at goodbyes,I'm good at goodbyes,BIBI,47,BIBI,2020-07-10,71dXEYXl5IwX9EkHrrKj07,0.663,0.517,3,-6.904,0,0.0987,2.32e-05,0.109,0.344,90.07,204187,4
25,NAAN,"NAAN (From The Original TV Show ""Live On"")",BIBI,45,BIBI,2020-12-08,5bhAoJiNO8a2FIgRE5ypxf,0.585,0.603,3,-4.546,1,0.0391,0.00386,0.12,0.325,141.962,167240,4
26,Fedexx Girl (Feat. 창모),사랑하는 사람들을 위한 지침서,BIBI,44,CHANGMO,2019-06-12,2NBAwbspdemK8N2lerVXDz,0.648,0.523,1,-9.368,1,0.064,0.0,0.134,0.352,90.995,209000,4
27,WHY Y (Feat. Tiger JK),WHY Y,BIBI,43,Tiger JK,2021-07-27,7k9rM0ZCWUn5Dg1t0vj0vi,0.687,0.745,1,-3.671,1,0.0413,0.0,0.172,0.493,99.999,186533,4
28,Pretty Ting (Feat. 김승민),사랑하는 사람들을 위한 지침서,BIBI,43,Kim Seungmin,2019-06-12,2sYSm57KSNxOF9gz3qWLMX,0.606,0.763,6,-5.504,0,0.274,0.0,0.113,0.417,165.986,175000,3
29,Fly with me,THE FAN 4ROUND Part.2,BIBI,39,BIBI,2019-01-19,4GOuXgEtvG7LrCK4RQ0UaQ,0.369,0.405,2,-5.972,0,0.0325,0.0,0.395,0.15,112.903,202398,3
30,Timeless,괴물 (Original Television Soundtrack) Pt. 2,BIBI,40,BIBI,2021-03-06,4XCMEsPoPT6L8Xcc7h0Seh,0.505,0.722,6,-3.443,0,0.0353,0.000128,0.248,0.243,97.977,201160,4
31,Give More Care Less,사랑하는 사람들을 위한 지침서,BIBI,42,BIBI,2019-06-12,5BgaMwhezsBb5JTUYeVLZ7,0.642,0.455,9,-9.859,0,0.0317,8.62e-06,0.108,0.124,83.527,186750,4
32,Sparkling,"Bare&Rare, Pt. 1",CHUNG HA,57,CHUNG HA,2022-07-11,6TzU11huC8Hz4FVEsvCeE7,0.6,0.923,1,-1.926,0,0.105,0,0.32,0.712,160.025,186907,4
33,XXXX,"Bare&Rare, Pt. 1",CHUNG HA,47,CHUNG HA,2022-07-11,49jIwnU0pAUWorDG4ahISg,0.741,0.662,9,-4.639,1,0.205,0,0.306,0.713,109.953,168000,4
34,Louder,"Bare&Rare, Pt. 1",CHUNG HA,39,CHUNG HA,2022-07-11,4cZvTWcgPyHx2eZb0ruyX3,0.843,0.75,5,-4.942,1,0.0421,0,0.0275,0.835,109.886,179760,4
35,Crazy Like You (feat. BIBI),"Bare&Rare, Pt. 1",CHUNG HA,51,BIBI,2022-07-11,0oUK4m2wNIBPfejlcB1N9k,0.536,0.639,9,-3.999,0,0.0447,0,0.209,0.502,170.94,175480,3
36,California Dream,"Bare&Rare, Pt. 1",CHUNG HA,43,CHUNG HA,2022-07-11,3ulIMvCtahvAmAQHcCbDFs,0.769,0.803,5,-3.501,0,0.115,0,0.0832,0.503,119.923,179227,4
37,Good Night My Princess,"Bare&Rare, Pt. 1",CHUNG HA,39,CHUNG HA,2022-07-11,12QoF5mIoZ1ZrVZFoc2Nwl,0.446,0.475,11,-5.953,1,0.0293,0,0.0859,0.112,139.267,232080,1
38,Love Me Out Loud,"Bare&Rare, Pt. 1",CHUNG HA,43,CHUNG HA,2022-07-11,1zFT6Z2zT4Z4kUFnerd9lE,0.397,0.697,1,-3.749,1,0.0561,0,0.198,0.414,120.926,204760,4
39,Nuh-Uh,"Bare&Rare, Pt. 1",CHUNG HA,40,CHUNG HA,2022-07-11,0um5z70pgfggfEzkhQuspz,0.502,0.692,10,-6.174,0,0.262,0.000182,0.174,0.608,154.301,200880,5
40,A Star in the dawn,"Bloody Heart, Pt. 4 (Original Television Soundtrack)",CHUNG HA,33,CHUNG HA,2022-05-23,3w0ICgCMIiWdvdgRs3suj2,0.42,0.428,8,-4.788,1,0.0315,0,0.089,0.261,144.236,213920,4
41,It's only mine,Seoul Check-in OST Part 4,CHUNG HA,27,CHUNG HA,2022-04-30,4NGt7PDTJE5rBWhU79kEBz,0.654,0.575,1,-5.57,0,0.0372,0,0.118,0.441,89.984,211083,4
42,Killing Me,Killing Me,CHUNG HA,64,CHUNG HA,2021-11-29,3QD0Y1tTngihByjdWC99lG,0.722,0.851,10,-2.589,1,0.264,0,0.0661,0.763,122.012,164053,4
43,Someday,"One the Woman (Original Television Soundtrack, Pt. 3)",CHUNG HA,29,CHUNG HA,2021-10-15,2Hd9y1sae4yhYBVvqYOIqx,0.614,0.482,8,-5.885,1,0.0327,0,0.111,0.27,131.995,202040,4
44,Bicycle,Querencia,CHUNG HA,60,CHUNG HA,2021-02-15,7wDVvxMUdW5MtJUqFtuXUz,0.625,0.903,4,-2.519,1,0.0594,0,0.235,0.825,145.97,179156,4
45,X,Querencia,CHUNG HA,44,CHUNG HA,2021-02-15,4IQaBvlHjZrpZrIKWXuBxh,0.413,0.868,5,-3.427,1,0.0482,0,0.498,0.396,137.936,255496,4
46,Stay Tonight,Querencia,CHUNG HA,57,CHUNG HA,2021-02-15,7Cn6R7YB4EjQkfci9DdceG,0.625,0.831,2,-2.168,0,0.0554,0.000612,0.0805,0.513,121.029,217239,4
47,Masquerade,Querencia,CHUNG HA,43,CHUNG HA,2021-02-15,0AABiBAIYQCMpLI0ODbDDL,0.645,0.844,6,-1.612,0,0.0383,0.000238,0.0767,0.731,143.957,197011,4
48,Flying on Faith,Querencia,CHUNG HA,46,CHUNG HA,2021-02-15,34v3Sm3KEc7DtGPP50jyrl,0.692,0.818,1,-2.368,0,0.0344,9.78e-05,0.0999,0.675,150.04,186701,4
49,Luce Sicut Stellae,Querencia,CHUNG HA,35,CHUNG HA,2021-02-15,6j2Tpn3qQS2BLPNwytsefO,0.677,0.885,2,-2.121,1,0.0517,6.05e-05,0.127,0.565,95.985,191805,4
50,My Lips Like Warm Coffee,My Lips Like Warm Coffee,CHUNG HA,44,Colde,2021-06-08,3BWTaW69km35u55PN4O1UH,0.692,0.71,4,-5.692,1,0.0795,4.38e-05,0.117,0.245,88.052,214120,4
51,Demente - Spanish Version,Demente (Spanish Version),CHUNG HA,45,Guaynaa,2021-03-17,4pBsmktr55rBxprHFXIFy8,0.802,0.852,7,-1.851,1,0.0604,0.000437,0.0539,0.685,100.029,163799,4
52,PLAY (feat. Changmo),Querencia,CHUNG HA,57,CHANGMO,2021-02-15,6UM5HKVVm1cjOQhUJB4Ft3,0.636,0.941,3,-0.792,0,0.101,2.68e-05,0.152,0.888,103.926,199524,4
53,Bother Me,Querencia,CHUNG HA,47,CHUNG HA,2021-02-15,3t4ozuyQ2OidVwuG08FHBn,0.658,0.863,7,-3.539,0,0.0558,0.0123,0.303,0.497,114.934,202731,4
54,Chill,Querencia,CHUNG HA,36,CHUNG HA,2021-02-15,4yWgTBYmJGnQKn63S9GUbf,0.514,0.893,6,-1.488,1,0.0646,6.75e-05,0.253,0.746,179.969,206348,4
55,Demente (feat. Guaynaa),Querencia,CHUNG HA,46,Guaynaa,2021-02-15,0NhHFXC06r5kK1rTUuOjxM,0.802,0.851,7,-1.756,1,0.0563,0.000335,0.0618,0.697,100.019,163799,4
56,Lemon (feat. Colde),Querencia,CHUNG HA,36,Colde,2021-02-15,0YxrpGXvAX6RsvdwRky6qN,0.736,0.927,0,-3.074,1,0.203,0,0.261,0.786,97.046,202446,4
57,BYULHARANG (160504 + 170607),Querencia,CHUNG HA,32,CHUNG HA,2021-02-15,0Ric2EfmVW0Xlz35v5ucMx,0.446,0.645,5,-4.166,1,0.0414,0,0.118,0.525,173.92,223102,4
58,All Night Long,Querencia,CHUNG HA,32,CHUNG HA,2021-02-15,4CGmwiG8f9QqMYz33fxSzs,0.621,0.875,3,-1.955,1,0.0764,0,0.388,0.656,140.101,225264,4
59,Everybody Has,Querencia,CHUNG HA,38,CHUNG HA,2021-02-15,2UcC7n5jG6QMtOE0Zxznpm,0.481,0.791,11,-4.982,0,0.0841,1.25e-05,0.33,0.589,73.913,222454,4
60,Come N Goes,Querencia,CHUNG HA,32,CHUNG HA,2021-02-15,5FANrx0S8OLZrHiG8OpvVB,0.578,0.925,6,-1.569,1,0.0355,0.0156,0.353,0.592,114.984,211880,4
61,Querencia (Epilogue),Querencia,CHUNG HA,26,CHUNG HA,2021-02-15,6WKRso2bBkl1GR5ChIT8K1,0.594,0.333,2,-9.985,1,0.161,0.607,0.0805,0.135,144.97,94313,4
62,Roller Coaster,Offset,CHUNG HA,60,CHUNG HA,2018-01-17,6DIW7GJbuGZdHolRcPWprP,0.633,0.907,6,-1.459,0,0.048,0,0.221,0.74,130.001,212136,4
63,Dream of You (with R3HAB),Querencia,CHUNG HA,61,R3HAB,2021-02-15,1d8Arh7PushRWWJRs41rSa,0.659,0.738,5,-3.894,0,0.0659,2.26e-06,0.114,0.615,117.081,192735,4
64,Snapping,Flourishing,CHUNG HA,61,CHUNG HA,2019-06-24,4IOxk5ep5ONrdlL0ZIy64v,0.746,0.726,8,-3.499,0,0.0394,3.43e-06,0.278,0.578,104.961,213164,4
65,Gotta Go,Gotta Go,CHUNG HA,63,CHUNG HA,2019-01-02,1exnDFdC34GyBcaLt9ZJfX,0.531,0.83,3,-2.526,0,0.0446,0,0.0993,0.419,101.903,221813,4
66,Bad Boy,Bad Boy,CHUNG HA,59,Christopher,2020-09-23,1WCOna34eEMPgjfOOZkGQc,0.822,0.574,5,-4.02,0,0.0461,0,0.245,0.743,116.987,182587,4
67,그 끝에 그대,Hotel del Luna (Original Television Soundtrack) Pt.6,CHUNG HA,52,CHUNG HA,2019-08-03,7D8IxjdvFTYPcnCmNfzvNS,0.621,0.399,11,-5.803,1,0.0295,0,0.103,0.25,133.884,224284,4
68,Love U,Blooming Blue,CHUNG HA,48,CHUNG HA,2018-07-18,0Hk7Aoxk7qdfj7bO83iL69,0.774,0.92,8,-0.513,0,0.0694,0,0.101,0.685,120.039,190921,4
69,Why Don’t You Know,Hands on Me,CHUNG HA,45,Nucksal,2017-06-07,3L6OalQDbdCS0Tg1kFccYn,0.703,0.923,9,-0.962,0,0.148,0,0.367,0.623,100.038,198420,4
70,Chica,Flourishing,CHUNG HA,50,CHUNG HA,2019-06-24,7Bt5HMVKtBOC5OaE7s3tym,0.556,0.842,1,-3.019,0,0.158,0,0.31,0.66,95.037,192484,4
71,You're In My Soul,Record of Youth (Original Television Soundtrack) Pt. 2,CHUNG HA,36,CHUNG HA,2020-09-15,2wQchESFUL4Scb30q4xCeL,0.676,0.847,2,-3.743,1,0.0541,0,0.111,0.411,115.977,208787,4
72,Be Yourself,Be Yourself.newwav,CHUNG HA,30,CHUNG HA,2020-06-09,0LCd5cmqVkZy0koiWB4kb9,0.596,0.874,4,-1.86,0,0.0423,0,0.245,0.646,115.053,205187,4
73,My Friend,My Friend,CHUNG HA,44,pH-1,2020-05-30,7KDBSl1GZqrf8wEuFpI3L0,0.854,0.618,6,-5.927,1,0.0576,0,0.12,0.836,131.981,149000,4
74,Everybody Has,Querencia,CHUNG HA,38,CHUNG HA,2021-02-15,2UcC7n5jG6QMtOE0Zxznpm,0.481,0.791,11,-4.982,0,0.0841,1.25e-05,0.33,0.589,73.913,222454,4
75,나의 그대,낭만닥터 김사부 2 (Original Television Soundtrack) Pt.8,CHUNG HA,38,CHUNG HA,2020-02-04,7EXTPBMNV9N2s3fUrqMC7i,0.502,0.301,11,-8.687,1,0.0324,0,0.107,0.376,119.719,220964,4
76,FAST,FAST,CHUNG HA,25,Mommy Son,2019-09-08,5qz2JLETV6S7nWakMB37ki,0.705,0.898,11,-2.745,0,0.085,1.42e-06,0.326,0.542,128.023,184200,4
77,Young In Love,Flourishing,CHUNG HA,31,CHUNG HA,2019-06-24,4dIObSazv75psS0AX9z6ro,0.734,0.768,2,-4.556,1,0.0515,0,0.156,0.728,97.986,198819,4
78,Call It Love,Flourishing,CHUNG HA,30,CHUNG HA,2019-06-24,3HxurUySp2zUcExO1zi6Y9,0.472,0.589,5,-5.415,0,0.0341,0,0.14,0.355,131.195,241094,4
79,Flourishing,Flourishing,CHUNG HA,39,CHUNG HA,2019-06-24,5kbYgt4pAhKsmoQJGCj33x,0.627,0.746,6,-4.424,0,0.0487,1.7e-06,0.0866,0.509,140.074,195497,4
80,NA YEOSS EU MYEON,[Vol.14] You Hee yul's Sketchbook 10th Anniversary Project : 6th Voice 'Sketchbook X CHUNG HA',CHUNG HA,0,CHUNG HA,2019-04-20,5VnJMPXdPc9p5arVZRHj8O,0.423,0.759,1,-2.689,1,0.0311,0,0.309,0.322,137.727,259885,4
81,A REUM DA UN I BYEOL,[Vol.13] You Hee yul's Sketchbook 10th Anniversary Project : 6th Voice 'Sketchbook X CHUNG HA',CHUNG HA,0,CHUNG HA,2019-04-13,5dcRsgrAojHRlS0BFpmbdj,0.654,0.648,0,-4.119,0,0.0299,0,0.122,0.449,115.011,205749,4
82,It’s You,"Where Stars Land, Pt. 1 (Original Television Soundtrack)",CHUNG HA,31,CHUNG HA,2018-10-08,4V0I40WRUwS3by62lZdsfM,0.584,0.709,7,-4.941,1,0.0363,0,0.208,0.26,107.919,202905,4
83,BB,Blooming Blue,CHUNG HA,25,CHUNG HA,2018-07-18,6rKSqNmZad9VPfCQGHPojb,0.471,0.64,8,-6.662,0,0.065,0.831,0.0984,0.301,100.126,77500,4
84,Cherry Kisses,Blooming Blue,CHUNG HA,30,CHUNG HA,2018-07-18,0y4QB8wG2x2cNhyjajh7X0,0.577,0.909,6,-0.551,1,0.0589,0,0.16,0.708,100.012,194429,4
85,Drive,Blooming Blue,CHUNG HA,26,CHUNG HA,2018-07-18,75h5JEOLUJzYH5836V3BQE,0.779,0.84,7,-2.449,0,0.0817,0,0.189,0.821,109.999,196460,4
86,From Now On,Blooming Blue,CHUNG HA,25,CHUNG HA,2018-07-18,3gNKQYq9kdTBWoqlGuDb6e,0.569,0.527,9,-7.24,1,0.0478,0,0.11,0.414,125.951,209002,3
87,How about you,Luvpub OST Part.3,CHUNG HA,0,CHUNG HA,2018-04-18,31vk0g0BrHazdDVN3IP76u,0.46,0.425,8,-5.767,1,0.0325,0,0.0828,0.298,133.588,199019,5
88,Offset,Offset,CHUNG HA,23,CHUNG HA,2018-01-17,1oAeGMfEUvJI2cdiG5vURo,0.777,0.404,4,-7.973,0,0.0496,0.0369,0.143,0.076,93.041,69613,4
89,Do It,Offset,CHUNG HA,28,CHUNG HA,2018-01-17,5CBL6eFkYZEr5MshEN3MmL,0.672,0.724,5,-1.572,0,0.179,0,0.267,0.451,159.051,213749,4
90,Bad Boy,Offset,CHUNG HA,25,CHUNG HA,2018-01-17,2lEmjaR8rQqsQqe6CLXtdz,0.738,0.898,7,-0.94,1,0.0902,0,0.32,0.506,107.018,187224,4
91,Remind of You,Offset,CHUNG HA,28,CHUNG HA,2018-01-17,3XP4CrI6jHlo2ZJ9Jpn4EX,0.486,0.277,8,-8.521,1,0.0422,0,0.123,0.396,133.762,243441,4
92,Hands on Me,Hands on Me,CHUNG HA,22,CHUNG HA,2017-06-07,067hR2ouOr91wKoMKh1K9E,0.822,0.614,6,-4.009,0,0.0475,0.000151,0.186,0.473,131.099,68251,4
93,Make a Wish,Hands on Me,CHUNG HA,24,CHUNG HA,2017-06-07,7sN4v0ElVmdvdTkjT23y16,0.707,0.925,8,-1.09,1,0.132,0,0.159,0.668,92.012,185206,4
94,Cosmic Dust,Hands on Me,CHUNG HA,23,CHUNG HA,2017-06-07,5QxRlfnjp8ELreyz36iS5g,0.45,0.404,11,-3.647,1,0.0341,2.61e-06,0.1,0.368,171.947,223934,4
95,Week,Week,CHUNG HA,28,CHUNG HA,2017-04-21,4banEKlbDsBOIvBDTssAf1,0.592,0.483,4,-7.025,1,0.0446,6.83e-05,0.14,0.388,82.831,202547,4
96,Week,Week,CHUNG HA,28,CHUNG HA,2017-04-21,4banEKlbDsBOIvBDTssAf1,0.592,0.483,4,-7.025,1,0.0446,6.83e-05,0.14,0.388,82.831,202547,4
97,Pit-A-Pat,"Strong Woman Do Bong Soon, Pt. 4 (Original Television Soundtrack)",CHUNG HA,41,CHUNG HA,2017-03-17,2VI3BhUQPGgwFdkbnnZyEy,0.653,0.727,6,-3.546,1,0.0621,0,0.209,0.703,82.983,210430,4
98,"IT G MA REMIX (feat. A$AP Ferg, Father, Dumbfoundead, Waka Flocka Flame)","IT G MA REMIX (feat. A$AP Ferg, Father, Dumbfoundead, Waka Flocka Flame)",Keith Ape,49,Father,2015-07-27,0gpFiquPvir7e3RrM4kii9,0.787,0.743,1,-4.206,1,0.0642,0.0,0.294,0.454,102.076,300000,4
99,WASHED (PROD. BY SHAWN WASABI),CAFE BLEU,Dumbfoundead,37,Dumbfoundead,2018-11-02,5IjgA0yIKV6wz6xBU4d091,0.829,0.485,8,-9.361,1,0.275,7.76e-06,0.104,0.647,145.029,188000,4
100,Rent Free (Feat. Jeff Bernat),Rent Free (Feat. Jeff Bernat),Dumbfoundead,32,Jeff Bernat,2021-04-29,2J3ZzY2asBfkNXkx5jJmjG,0.841,0.768,6,-8.262,0,0.283,0.0,0.126,0.865,138.987,167607,4
101,PINK BLEU DAWN (PROD. BY HIPPIE SABOTAGE),CAFE BLEU,Dumbfoundead,34,Dumbfoundead,2018-11-02,3NF7EcaiHCqev5NKF5hxdR,0.356,0.583,10,-8.697,0,0.175,0.000141,0.143,0.0696,81.568,172000,4
102,Inside,Inside/Outside,Dumbfoundead,30,SATICA,2020-04-20,1LhDCCphth5bHPXZPoqxyr,0.432,0.601,11,-7.577,0,0.133,8.16e-05,0.0889,0.771,75.977,151579,4
103,Cell Phone (feat. Breezy Lovejoy & Wax),Dfd,Dumbfoundead,32,Breezy Lovejoy,2011-11-01,0gE4OoMJhSMhhDMeexjD2b,0.804,0.695,10,-7.197,0,0.106,0.0,0.115,0.619,120.004,267889,4
104,Hyung,Hyung,Dumbfoundead,35,Simon Dominic,2017-05-17,5kJkL8TEs1hcQJfKjnFuOf,0.646,0.842,4,-4.643,1,0.0421,1.64e-05,0.245,0.431,145.001,215172,4
105,"WEIRD (PROD. BY SWEATER BEATS, DONYE’A G)",CAFE BLEU,Dumbfoundead,30,Dumbfoundead,2018-11-02,7q4N0abbhFfLBXJpyO7EzN,0.719,0.552,0,-9.863,1,0.289,0.0,0.207,0.577,103.0,200000,4
106,Cool and Calm,Dfd,Dumbfoundead,31,Dumbfoundead,2011-11-01,5T0KMRfBTDZwH5uEBESxEd,0.506,0.762,7,-8.073,1,0.268,0.0,0.345,0.811,170.013,169227,4
107,Water,Foreigner,Dumbfoundead,32,GSoul,2017-05-23,4Nhttpg8EPjTQoNp3tOiIQ,0.748,0.598,11,-3.733,1,0.0898,0.000296,0.0983,0.553,170.077,197647,4
108,Harambe,We Might Die,Dumbfoundead,32,Dumbfoundead,2016-11-10,5CS7qqRJKKGEld1tXIcrJy,0.881,0.817,9,-4.578,1,0.178,0.0,0.158,0.441,110.011,157091,4
109,Outside,Inside/Outside,Dumbfoundead,29,SATICA,2020-04-20,2mHNYUVGGsR5sbMUvwm1hq,0.549,0.696,10,-8.134,0,0.199,0.0,0.104,0.478,84.959,173647,4
110,Rocket Man,Rocket Man,Dumbfoundead,31,Dumbfoundead,2017-12-13,3UoKOhKhfQfshRA6EZUUms,0.85,0.593,1,-4.389,1,0.0686,0.0,0.131,0.448,146.001,201301,4
111,Ganghis Khan,Old Boy Jon,Dumbfoundead,28,Dumbfoundead,2013-02-18,4eyHT04G33u8OmB49w8dYj,0.796,0.879,3,-6.63,0,0.0821,0.0,0.139,0.859,135.02,182573,4
112,Safe,We Might Die,Dumbfoundead,29,Dumbfoundead,2016-11-10,37C7I7pFR9IkNEfIG9HNsX,0.838,0.379,0,-8.157,1,0.0416,0.00389,0.103,0.0365,104.044,227885,4
113,Kill Me,Kill Me,Dumbfoundead,28,Dumbfoundead,2017-12-07,24AlKYl63qVFMarHN7kjmC,0.782,0.556,8,-8.112,1,0.0816,0.0,0.174,0.768,82.992,283373,4
114,"CAFE BLEU THEME (PROD. BY SWEATER BEATS, DONYE’A G)",CAFE BLEU,Dumbfoundead,24,Dumbfoundead,2018-11-02,5qBtLe1VpoCVxHQqpPM9DI,0.566,0.509,0,-9.125,1,0.0878,0.000338,0.114,0.306,141.943,199000,4
115,We Might Die,We Might Die,Dumbfoundead,26,Dumbfoundead,2016-11-10,72eSV3V7mSc0JpSLo7tBda,0.925,0.513,10,-5.315,0,0.251,0.0,0.0663,0.758,135.957,157059,4
116,Are We There Yet,Dfd,Dumbfoundead,27,Dumbfoundead,2011-11-01,5lCS40Y89Bl2xQrSmQvBWE,0.794,0.845,2,-7.46,1,0.197,0.0,0.0927,0.829,88.066,223744,4
117,All Alone,All Alone,Dumbfoundead,23,Dumbfoundead,2020-09-04,1oWob28J6fERCOQZiqcR3Z,0.715,0.755,4,-4.73,0,0.0922,0.00866,0.0736,0.652,86.479,206705,4
118,Clear,Old Boy Jon,Dumbfoundead,23,Dumbfoundead,2013-02-18,73iYlBPAPhyVh7qvz8gX91,0.831,0.696,6,-7.779,1,0.0677,7.77e-06,0.219,0.966,150.027,209827,4
119,Ancestors (feat. Donye'a G & YEAR OF THE OX),We Might Die,Dumbfoundead,27,YEAR OF THE OX,2016-11-10,6DUOQjr4QUVYZmqwmE78Uo,0.526,0.605,3,-7.841,1,0.206,0.0,0.102,0.158,129.437,210462,4
120,No More Sunny Days (feat. Breezy Lovejoy),Dfd,Dumbfoundead,22,Breezy Lovejoy,2011-11-01,1g3cTjWHlEl9A5Ec14K8Yv,0.612,0.509,9,-7.972,1,0.131,0.0,0.223,0.738,86.542,123245,4
121,Growing Young,Take the Stares,Dumbfoundead,22,Dumbfoundead,2012-10-16,1b2LwAZtVz0116OhRPIFsX,0.743,0.667,7,-9.056,1,0.338,0.00277,0.171,0.498,186.185,129242,4
122,Murals,We Might Die,Dumbfoundead,26,Dumbfoundead,2016-11-10,1rMmvMK8Vqg6okoQrohKoP,0.885,0.448,3,-6.963,0,0.346,3.06e-06,0.152,0.397,124.052,190000,4
123,Brb (feat. Andrew Garcia & Andrew Garcia),Dfd,Dumbfoundead,23,Andrew Garcia,2011-11-01,7I9iIwfPHlHk0qg4GXHV7m,0.381,0.8,4,-6.218,0,0.327,0.0,0.538,0.644,76.379,180457,4
124,ALMOST THERE (PROD. BY HIPPIE SABOTAGE),CAFE BLEU,Dumbfoundead,21,YEAR OF THE OX,2018-11-02,3zHZDJf53hHJo4R4BFhXhU,0.537,0.592,11,-10.095,0,0.46,0.0,0.0989,0.362,146.038,243863,4
125,Different Galaxies,Wax & DFD Are Clockwise,Dumbfoundead,20,Sam Ock,2010-05-31,2dXExiFXaBcYEpgIG1Gera,0.747,0.597,7,-8.051,1,0.254,0.0,0.129,0.823,84.997,229533,4
126,Korean Jesus,Take the Stares,Dumbfoundead,23,Dumbfoundead,2012-10-16,35kPRKDxxGVHpypQgeeadM,0.738,0.547,6,-8.597,0,0.371,0.0,0.251,0.571,88.877,149531,4
127,Green,Dfd,Dumbfoundead,22,Dumbfoundead,2011-11-01,2qnezczNeBz8JyhC4LmSuq,0.803,0.877,2,-5.525,1,0.118,0.0,0.0579,0.93,159.962,183750,4
128,Mijangwon (feat. Loopy & Nafla),Mijangwon (feat. Loopy & Nafla),Dumbfoundead,24,nafla,2017-03-07,38O8H0eDmDIFhiYta77nji,0.855,0.92,7,-1.708,1,0.146,0.0,0.137,0.614,130.029,273231,4
129,New Chick,Take the Stares,Dumbfoundead,22,Dumbfoundead,2012-10-16,7x6fJRoR9kgoJWyHnsXk4c,0.705,0.585,4,-5.312,0,0.12,0.00061,0.0536,0.258,89.966,196752,4
130,"IT G MA Remix (josh pan Opus) [feat. A$AP Ferg, Father, Dumbfoundead & Waka Flocka Flame with Anderson .Paak]","IT G MA Remix (josh pan Opus) [feat. A$AP Ferg, Father, Dumbfoundead, Waka Flocka Flame with Anderson .Paak]",Keith Ape,29,Anderson .Paak,2016-02-12,55hUGKgOOB0O5fdoUCLRSZ,0.442,0.822,1,-5.836,1,0.347,3.52e-05,0.117,0.181,101.89,865498,4
131,"Banned In The Motherland (feat. Jay Park, Simon Dominic & G2)",We Might Die,Dumbfoundead,22,Jay Park,2016-11-10,0r4lx4FiQyOWmwOPqJ6Qav,0.798,0.74,1,-7.107,1,0.129,0.0,0.118,0.107,114.063,218494,4
132,24KTWN,Old Boy Jon,Dumbfoundead,20,Dumbfoundead,2013-02-18,5p3LqUnZ44XqIaP4DCfAtY,0.571,0.837,0,-7.328,1,0.323,0.0,0.88,0.64,77.98,184453,4
133,Mellow Yellow,Mellow Yellow,Dumbfoundead,20,Dumbfoundead,2017-04-21,46RKGtkSiyvKq9wGt5EotX,0.778,0.618,11,-8.368,0,0.32,0.0,0.164,0.351,129.94,185000,4
134,Fearless,Fearless,Guapdad 4000,52,Valentino Khan,2022-01-26,7pDUFFF3J4WEu1aZMW4M4b,0.696,0.978,4,-0.72,0,0.043,0.000474,0.105,0.762,107.971,140000,4
135,BALI,BALI,Rich Brian,51,Guapdad 4000,2020-04-10,2XW3vH6ZqMHvlzUSfhWW2X,0.855,0.645,5,-6.321,0,0.0545,0,0.226,0.654,129.999,199385,4
136,Pose (feat. Wiz Khalifa & Curren$y),Pose (feat. Wiz Khalifa & Curren$y),Guapdad 4000,44,Curren$y,2022-06-10,1EaEXPXlb3Xp19Aj3Nw8v1,0.76,0.612,1,-3.963,1,0.235,0,0.0375,0.662,187.934,204528,4
137,Uncle Ricky,1176,Guapdad 4000,43,!llmind,2021-03-19,4oVTvW28J81iFfeqKTf50n,0.571,0.733,6,-6.246,0,0.342,7.97e-06,0.34,0.589,82.779,142255,4
138,Iced Out Gold Chain,Dior Deposits (Deluxe),Guapdad 4000,42,Guapdad 4000,2019-12-20,3HYw9gQIuoZvfGebOrKob5,0.814,0.531,9,-7.113,1,0.117,0,0.0784,0.576,98.037,211755,4
139,Black Iverson,Black Iverson,Guapdad 4000,42,Guapdad 4000,2022-04-29,3sLNEWdnPH6ML05Z8wFZhM,0.742,0.523,1,-5.162,1,0.108,0,0.0905,0.283,155.547,185925,4
140,Red Flags,Red Flags,Guapdad 4000,42,Guapdad 4000,2018-12-04,0hh6WnWAfP96gFcQWIxQ9G,0.868,0.468,10,-8.047,1,0.0875,0,0.11,0.211,98.025,156888,4
141,Alpha,Alpha,Guapdad 4000,41,Guapdad 4000,2020-10-30,086xJzFlEYeCrQmFIVizMb,0.916,0.572,8,-5.566,0,0.105,4.88e-06,0.104,0.589,99.998,172800,4
142,Lil Scammer That Could (feat. Denzel Curry),Lil Scammer That Could (feat. Denzel Curry),Guapdad 4000,42,Denzel Curry,2020-06-26,2nSKol7UyxwffI6jLYTuUd,0.835,0.645,7,-5.397,1,0.116,4.27e-06,0.0818,0.524,79.992,186000,4
143,Chicken Adobo,1176,Guapdad 4000,37,!llmind,2021-03-19,16ZSaXzmcsIXvHaK2HhT8r,0.887,0.401,5,-8.132,1,0.0646,1.96e-06,0.0728,0.601,128.047,182833,4
144,"Izayah (feat. Key!, Maxo Kream, Denzel Curry & Kenny Beats)",Dior Deposits (Deluxe),Guapdad 4000,41,Maxo Kream,2019-12-20,6136OsDSYIDRB10R2MSgWl,0.912,0.696,8,-4.509,1,0.307,0,0.138,0.586,142.028,213559,4
145,Platinum Falcon,"Platinum Falcon Tape, Vol. 1",Guapdad 4000,38,Guapdad 4000,2020-04-24,5YEGFGqgL8S9SXrtur19mR,0.957,0.825,1,-5.708,1,0.187,0,0.102,0.931,132.067,150286,4
146,Cheap,Cheap,Guapdad 4000,35,Guapdad 4000,2022-03-17,5ICnHKFy7yBDTEFjZ8hODA,0.937,0.416,7,-10.416,0,0.418,0,0.0437,0.786,100.039,106027,4
147,Prada Process (feat. 6lack),Dior Deposits (Deluxe),Guapdad 4000,37,6LACK,2019-12-20,1eZJY83Pkp0VqkCiaMLh9E,0.57,0.63,1,-6.765,0,0.458,0,0.111,0.501,84.537,198717,4
148,Hoe,GUAP,Guapdad 4000,32,Guapdad 4000,2022-07-14,4QUoiPcdTrawfDs7UAsfjs,0.704,0.696,1,-3.927,0,0.269,0,0.257,0.573,194.099,157848,4
149,Stuck With It (feat. Tory Lanez),Dior Deposits (Deluxe),Guapdad 4000,39,Tory Lanez,2019-12-20,4B9pOIJp309DPpr2LHHlcz,0.711,0.584,5,-7.648,1,0.0707,0,0.178,0.722,97.972,181455,4
150,How Many,How Many,Guapdad 4000,34,!llmind,2021-02-12,1iFMSqqBIpt1O9pEfVKKdf,0.83,0.492,6,-8.611,0,0.0482,7.1e-05,0.257,0.619,102.994,205124,4
151,Trade Places With Them Jeans,"Platinum Falcon Tape, Vol. 1",Guapdad 4000,30,Guapdad 4000,2020-04-24,1awKFdswWnFNPAdIbR7PES,0.539,0.548,4,-6.157,0,0.0409,0,0.0798,0.385,172.012,139814,4
152,Gucci Pajamas (feat. Chance the Rapper and Charlie Wilson),Dior Deposits (Deluxe),Guapdad 4000,34,Charlie Wilson,2019-12-20,6Xd0UxhSnQYCyvGGAMHajB,0.583,0.665,1,-4.676,1,0.342,0,0.145,0.927,112.842,203669,5
153,I Need Bands,I Need Bands,Guapdad 4000,29,Guapdad 4000,2022-01-21,4mU3dpFlrTUqp94wrQodYk,0.851,0.637,5,-5.459,1,0.199,0,0.0902,0.386,92.522,169045,4
154,Greedy,"Platinum Falcon Tape, Vol. 1",Guapdad 4000,31,Guapdad 4000,2020-04-24,5hiZVBhInHzefK3Xv2xEjU,0.864,0.535,6,-5.684,0,0.302,0,0.0527,0.825,128.02,157563,4
155,Money,Money,Guapdad 4000,28,Drew Banga,2021-12-02,2c0lpkLWgSBzBbGOPXY9gk,0.857,0.857,2,-3.712,1,0.174,0,0.314,0.861,97.231,160400,4
156,Orgasm Full Of Pain (feat. Deante Hitchcock),Orgasm Full Of Pain (feat. Deante Hitchcock),Guapdad 4000,26,Deante' Hitchcock,2020-07-24,77VQHwQf3PJe1BZuBLzYQt,0.674,0.572,0,-8.844,0,0.403,0,0.104,0.667,76.996,216973,4
157,Need Me Now (feat. Guapdad 4000),Five Stars,Higher Brothers,27,Guapdad 4000,2019-02-22,0wdJgrDo4kosgObGnvjp5m,0.713,0.873,5,-4.402,0,0.238,0,0.245,0.897,154.977,249653,4
158,California,California,Guapdad 4000,27,Harikiri,2019-04-19,6ckGiakkAVcdddT10tHZ30,0.79,0.545,6,-10.157,0,0.125,0,0.0837,0.516,80.024,168000,4
159,Bitch Im On,Bitch Im On,Guapdad 4000,25,Guapdad 4000,2018-07-31,2pBRmrQcEpawTrvWerNB9K,0.913,0.356,10,-8.11,0,0.145,0.000252,0.079,0.492,90.033,141401,4
160,No More (feat. NIKI),Five Stars,Higher Brothers,41,NIKI,2019-02-22,7lxcmd6V6iFDgtw9urFsGB,0.75,0.651,10,-6.684,0,0.11,2.15e-06,0.0776,0.61,142.118,229859,4
161,Storm,Type-3 - EP,Higher Brothers,38,Harikiri,2018-02-27,4Hv0A2YHe0AcDCpavLrB3L,0.759,0.627,7,-8.938,1,0.0461,0.0,0.406,0.317,140.009,158786,4
162,Made In China,Made In China,Higher Brothers,44,DJ Snake,2018-04-13,1qowUCis8gYY9KOMuy8fCi,0.79,0.779,1,-2.642,1,0.0416,0.000155,0.159,0.228,150.115,171733,4
163,Empire,Empire,Higher Brothers,42,Higher Brothers,2020-11-09,32NMr70l1K1qTKoA30eaVJ,0.797,0.767,1,-5.625,1,0.316,0.0,0.0713,0.537,133.864,207761,4
164,Flexing So Hard,Five Stars,Higher Brothers,38,Higher Brothers,2019-02-22,4ZnZehVC0izVoLNQHbPakt,0.698,0.741,1,-4.962,1,0.0841,0.0,0.326,0.426,156.096,175385,4
165,暴风雨,Type-3,Higher Brothers,29,Harikiri,2018-02-27,66pKYRKWQ1ZrQFtmIXziaq,0.759,0.627,7,-8.938,1,0.0461,0.0,0.406,0.317,140.009,158786,4
166,Nomadic (feat. Joji),Nomadic (feat. Joji),Higher Brothers,40,Joji,2017-07-13,4fq9ldVbZ57iYFGrKpDLj0,0.84,0.536,4,-7.652,0,0.158,0.000248,0.73,0.56,75.013,244800,4
167,One Punch Man (feat. Ski Mask The Slump God & Denzel Curry),Five Stars,Higher Brothers,41,Ski Mask The Slump God,2019-02-22,5XHcYoIcFY7GgV6OHUB00Q,0.906,0.726,1,-4.965,1,0.255,0.0,0.127,0.354,132.004,200652,4
168,Flo Rida,Flo Rida,Higher Brothers,39,Ski Mask The Slump God,2017-11-16,0R01L2PrvabbllwxJYZyfd,0.9,0.649,5,-3.79,1,0.269,0.0,0.0825,0.442,129.985,208048,4
169,WeChat,Black Cab,Higher Brothers,37,Keith Ape,2017-05-31,49iftzwMkjN6d8YI7fsB7t,0.754,0.675,8,-4.58,1,0.207,0.0,0.0346,0.526,145.815,256804,4
170,Gong Xi Fa Cai,Five Stars,Higher Brothers,35,Higher Brothers,2019-02-22,6us2O1p9uBXVqRLi6vDT9T,0.862,0.618,2,-4.209,1,0.312,0.0,0.108,0.234,160.001,173684,4
171,Friends & Foes (feat. Snoop Dogg),Friends & Foes (feat. Snoop Dogg),Higher Brothers,33,Snoop Dogg,2019-08-05,2C8me0xQykoMa6krseI8Wd,0.925,0.619,1,-3.752,1,0.186,0.0,0.104,0.0854,95.001,186947,4
172,Isabellae,Black Cab,Higher Brothers,32,Higher Brothers,2017-05-31,2QSOWm1cCNHarRUZMVeb3P,0.709,0.799,1,-5.304,1,0.163,0.0,0.119,0.567,178.007,156933,4
173,16 Hours,Five Stars,Higher Brothers,35,Higher Brothers,2019-02-22,6isbplW82BSsAfvzVXYRYZ,0.602,0.901,2,-2.555,0,0.105,0.0,0.296,0.756,148.073,172356,4
174,711,Black Cab,Higher Brothers,30,Higher Brothers,2017-05-31,49gWRs13smbgMgIaDvprp2,0.683,0.763,0,-6.73,1,0.255,0.0,0.152,0.663,136.968,247274,4
175,Diamond,Five Stars,Higher Brothers,30,Higher Brothers,2019-02-22,1DlFEqhGmARazOCKYFYIf8,0.836,0.66,8,-5.754,1,0.111,0.0,0.0975,0.752,95.041,192001,4
176,Young Master,Black Cab,Higher Brothers,30,Higher Brothers,2017-05-31,52Np98dsECVJpOkQ3GHluU,0.841,0.755,10,-4.044,0,0.136,2.01e-06,0.0741,0.644,127.024,218070,4
177,Nothing Wrong,Type-3 - EP,Higher Brothers,28,Harikiri,2018-02-27,3LdCNULik3urDPmZ5x1srI,0.825,0.67,1,-7.765,1,0.0702,0.0,0.139,0.646,124.025,160645,4
178,Yahh,Black Cab,Higher Brothers,27,J.Mag,2017-05-31,5c2N1B9HNHIHw8NZZu1DsZ,0.823,0.752,0,-5.876,1,0.275,0.0,0.119,0.384,130.036,280514,4
179,5:30 A.M.,Type-3 - EP,Higher Brothers,23,Harikiri,2018-02-27,7hlKTBzDXetwy5W7ldkh3G,0.824,0.581,2,-10.545,1,0.429,0.0,0.0804,0.463,171.926,157674,4
180,Room Service,Journey to the West - EP,Higher Brothers,24,Higher Brothers,2018-01-17,5nklkPTbnSxBbNMt2l3FWU,0.797,0.785,1,-4.146,1,0.281,0.0,0.257,0.736,135.064,175099,4
181,Wudidong,Black Cab,Higher Brothers,27,Higher Brothers,2017-05-31,4QM5Yst6tT8zbtK39ptVh0,0.812,0.795,7,-6.741,1,0.21,0.0,0.328,0.616,119.944,244773,4
182,Drive You Home,Drive You Home,Jackson Wang,59,Internet Money,2021-07-29,7uidJM7xBikobIitpHQKZ4,0.653,0.694,1,-6.284,1,0.039,0,0.111,0.226,96.024,216164,4
183,LMLY,LMLY,Jackson Wang,66,Jackson Wang,2021-03-26,3Jbpo2slhW2bbVneiJnC9G,0.727,0.736,8,-6.566,1,0.0319,0,0.119,0.717,139.929,209999,4
184,Blow,MAGIC MAN,Jackson Wang,63,Jackson Wang,2022-09-09,53WD6QvMGh7wXQVP0U8Rnr,0.535,0.586,7,-8.256,1,0.107,0,0.0745,0.823,124.853,163933,4
185,100 Ways,100 Ways,Jackson Wang,63,Jackson Wang,2020-03-20,4mQMvcRtQou5yI8mjuJ1lf,0.801,0.783,7,-7.08,1,0.241,0,0.285,0.613,109.955,168627,4
186,過 (Should've Let Go),過 (Should've Let Go),Jackson Wang,54,JJ Lin,2020-12-17,1lrafepXruMZB5qHCNqy88,0.691,0.481,0,-6.036,1,0.0338,0,0.0898,0.149,127.936,203787,4
187,Come Alive,MAGIC MAN,Jackson Wang,58,Jackson Wang,2022-09-09,2mrG7QoaHDD1kYhr5jeK9q,0.59,0.689,6,-6.634,0,0.0338,1.79e-05,0.0627,0.667,93.004,172429,4
188,Pretty Please,Pretty Please,Jackson Wang,58,Galantis,2020-09-04,5Rse8If81NbzXL1ARjHOTB,0.686,0.867,6,-4.396,0,0.0449,4.18e-05,0.396,0.691,126.068,145792,4
189,Dopamine,MAGIC MAN,Jackson Wang,59,Jackson Wang,2022-09-09,0oS1B3PW9LyPSzghUKEjf8,0.546,0.588,7,-7.449,1,0.036,9.24e-06,0.266,0.214,114.998,191826,4
190,Dead,LOST & FOUND,Jackson Wang,48,Jackson Wang,2022-03-07,1WThX6BMgvD1XmEkbwPPLs,0.72,0.552,1,-9.346,1,0.158,0.00183,0.111,0.622,90.045,139853,4
191,BULLET TO THE HEART,MIRRORS,Jackson Wang,52,Jackson Wang,2019-10-25,5tkjn7d0Lg2xdccE2aGqs7,0.789,0.452,1,-6.149,1,0.114,0,0.0868,0.675,159.835,145720,4
192,Cruel,MAGIC MAN,Jackson Wang,60,Jackson Wang,2022-09-09,32nxxRcrH6gqlVG2RYYMEN,0.588,0.494,11,-7.129,0,0.0309,0.000114,0.156,0.539,78.99,195020,4
193,Vibes,LOST & FOUND,Jackson Wang,47,Jackson Wang,2022-03-07,15GONgBS8aFpccUtE8StIo,0.653,0.563,5,-8.153,1,0.0604,0,0.119,0.452,162.015,159080,4
194,TITANIC (feat. Rich Brian),MIRRORS,Jackson Wang,54,Rich Brian,2019-10-25,6k6pPAqLxleqb3fbMtVjxe,0.894,0.748,11,-8.22,0,0.338,0,0.057,0.697,99.983,141147,4
195,Go Ghost,MAGIC MAN,Jackson Wang,56,Jackson Wang,2022-09-09,7JYg7oZN1CLzxpBtreXWh9,0.733,0.671,7,-5.325,0,0.0399,1.09e-05,0.0848,0.439,95.007,140833,4
196,The Moment,LOST & FOUND,Jackson Wang,46,Jackson Wang,2022-03-07,7dZsUEZyxhry7aBCNZH99d,0.773,0.654,0,-6.333,0,0.0583,0,0.11,0.476,146.074,136347,4
197,Blue,MAGIC MAN,Jackson Wang,59,Jackson Wang,2022-09-09,1zegsS9aVbruFe8hurz87X,0.581,0.495,2,-6.939,1,0.0336,0.000796,0.126,0.391,140.175,159928,4
198,爱 - I Love You 3000 Chinese Version,MIRRORS,Jackson Wang,47,Jackson Wang,2019-10-25,74p24yUzO0uiZmt8v0G4Hg,0.494,0.374,6,-10.45,1,0.0534,4.56e-06,0.409,0.221,180.04,210160,4
199,Blackout,LOST & FOUND,Jackson Wang,45,Jackson Wang,2022-03-07,3seTKIM6brUxC8M2rHGPkC,0.655,0.627,2,-6.687,1,0.0471,3.36e-05,0.153,0.782,167.94,156640,4
200,Dawn of us,Dawn of us,Jackson Wang,48,Jackson Wang,2018-04-20,2NpKyrIlJOHszUS2cXpEMU,0.834,0.588,0,-6.243,1,0.0759,4.25e-06,0.112,0.489,141.944,179834,4
201,Papillon,Papillon,Jackson Wang,52,Jackson Wang,2017-08-26,0sHZzinNs6zUXnxcwhFYES,0.822,0.684,4,-2.507,0,0.253,0,0.0986,0.502,170.157,195036,4
202,Poison,LOST & FOUND,Jackson Wang,45,Jackson Wang,2022-03-07,3uDsqwK25QnO75jDupZZnZ,0.614,0.843,0,-8.367,1,0.0521,0.00146,0.207,0.767,159.999,192280,4
203,Oxygen,Oxygen,Jackson Wang,50,Jackson Wang,2019-04-12,1L3l7GXxByDSriYTwbwuZm,0.729,0.718,3,-2.313,0,0.0622,0,0.24,0.412,123.892,158710,4
204,UNLESS I'M WITH YOU,MIRRORS,Jackson Wang,46,Jackson Wang,2019-10-25,1OelkS095FL6l9AOGaky6Y,0.714,0.501,1,-8.548,0,0.183,2.53e-05,0.11,0.422,159.899,147027,4
205,王嘉爾,王嘉爾,Jackson Wang,47,Jackson Wang,2022-01-11,380m8wx1X9cSSSF5If2D9X,0.763,0.648,8,-5.18,1,0.0472,9.43e-05,0.167,0.476,100.057,273133,4
206,In My Bed,LOST & FOUND,Jackson Wang,44,Jackson Wang,2022-03-07,5IXhUQkWwNi9z10H7Xopho,0.792,0.559,0,-9.124,0,0.173,8.35e-05,0.188,0.434,84.016,138627,4
207,一個人 (Alone),一個人 (Alone),Jackson Wang,45,Jackson Wang,2021-01-30,7hDg1QQOiqQmQzx1nORGwi,0.654,0.395,4,-8.169,0,0.0402,0,0.124,0.114,75.007,185547,4
208,ON THE ROCKS,MIRRORS,Jackson Wang,46,Jackson Wang,2019-10-25,5O6QbgZZ9z1mFo8cOlSRrf,0.676,0.693,10,-7.282,1,0.0518,0,0.127,0.397,148.022,188760,4
209,OKAY,OKAY,Jackson Wang,48,Jackson Wang,2017-11-30,6EyVzKFaV2quTgrjnql7WT,0.905,0.684,4,-5.18,0,0.0703,0,0.0554,0.542,120.025,192729,4
210,X,X,Jackson Wang,43,Jackson Wang,2018-05-25,0PFIjuocFoKAx8xFxIFZYb,0.81,0.817,5,-2.674,1,0.069,0,0.297,0.698,110.024,132781,4
211,DWAY!,MIRRORS,Jackson Wang,45,Jackson Wang,2019-10-25,0IbaAAp2pL2QMCshGQlvTe,0.845,0.498,1,-5.953,1,0.0592,0,0.0918,0.486,98.973,145240,4
212,Die For You,SMITHEREENS,Joji,90,Joji,2022-11-04,26hOm7dTtBi0TdpDGl141t,0.472,0.518,8,-7.379,1,0.051,0.127,0.289,0.154,147.805,211667,4
213,Glimpse of Us,Glimpse of Us,Joji,90,Joji,2022-06-10,6xGruZOHLs39ZbVccQTuPZ,0.44,0.317,8,-9.258,1,0.0531,4.78e-06,0.141,0.268,169.914,233456,3
214,SLOW DANCING IN THE DARK,BALLADS 1,Joji,85,Joji,2018-10-26,0rKtyWc8bvkriBthvHKY8d,0.515,0.479,3,-7.458,1,0.0261,0.00598,0.191,0.284,88.964,209274,4
215,Sanctuary,Nectar,Joji,77,Joji,2020-09-24,5F1ZmucV0uJY14y2dYKePa,0.552,0.638,1,-7.474,1,0.11,0.00014,0.374,0.332,167.834,180019,4
216,Feeling Like The End,SMITHEREENS,Joji,80,Joji,2022-11-04,1abwytAhbWeHrbsA9eODOy,0.794,0.668,2,-7.689,1,0.0646,0.00104,0.0899,0.632,148.016,102480,4
217,worldstar money (interlude),In Tongues (Deluxe),Joji,79,Joji,2018-02-14,0baNzeUcPQnQSagpe8T0mD,0.577,0.387,7,-8.607,1,0.274,0.705,0.208,0.459,146.565,126312,1
218,YEAH RIGHT,BALLADS 1,Joji,81,Joji,2018-10-26,1VGzxJnVQND7Cg5H5wGj14,0.672,0.588,1,-9.573,1,0.133,0.241,0.0992,0.204,169.033,174358,4
219,Like You Do,Nectar,Joji,73,Joji,2020-09-25,1MONUudxAjEk76FJvzGhuD,0.582,0.199,10,-10.045,1,0.0321,0.00852,0.135,0.0783,66.454,240294,4
220,NIGHT RIDER,SMITHEREENS,Joji,77,Joji,2022-11-04,1c39AwcrkN9srI7Az5662I,0.768,0.754,8,-6.713,1,0.141,0.919,0.11,0.0388,85.016,127987,4
221,Will He,In Tongues (Deluxe),Joji,74,Joji,2018-02-14,7wvwXi9Z66dcH5t202vVkN,0.618,0.217,10,-15.372,1,0.0515,0.000163,0.538,0.0872,116.014,202103,4
222,Daylight,Daylight,Joji,72,Diplo,2020-08-06,6Ed1q0X8oSKSm4IIhiQbYg,0.528,0.749,7,-7.571,1,0.0479,9.6e-05,0.0949,0.729,163.944,163906,4
223,CAN'T GET OVER YOU (feat. Clams Casino),BALLADS 1,Joji,72,Clams Casino,2018-10-26,39oeKRgsLeynDIbWuXyA47,0.9,0.316,9,-8.797,1,0.332,0.0771,0.0853,0.844,129.914,107077,4
224,1AM FREESTYLE,SMITHEREENS,Joji,78,Joji,2022-11-04,0FqBNLXlTNimxmVRdDMj6b,0.615,0.541,0,-6.307,0,0.0263,0.00268,0.12,0.124,126.049,113067,4
225,Run,Nectar,Joji,71,Joji,2020-09-25,3AkdSFo7quCZ781KCqNK0T,0.448,0.72,7,-3.954,1,0.0332,0.000292,0.614,0.361,157.919,195000,3
226,Demons,In Tongues (Deluxe),Joji,69,Joji,2018-02-14,77UXyXy6qie0sOtLdEIH4A,0.458,0.378,2,-11.354,0,0.15,0.0919,0.0966,0.037,168.232,176804,3
227,TEST DRIVE,BALLADS 1,Joji,71,Joji,2018-10-26,1DMEzmAoQIikcL52psptQL,0.646,0.648,3,-8.602,1,0.0372,0.00316,0.108,0.466,75.004,179423,4
228,YUKON (INTERLUDE),SMITHEREENS,Joji,77,Joji,2022-11-04,5IPl8JpkbtSH1mdyq5ctSx,0.736,0.71,6,-8.497,0,0.091,0.0351,0.395,0.0728,82.482,141093,4
229,Afterthought,Nectar,Joji,70,BENEE,2020-09-25,6zvqq50PL7io0rprbkrYc9,0.668,0.547,1,-8.024,1,0.0353,0.0766,0.0931,0.192,83.5,194871,4
230,I Don't Wanna Waste My Time,In Tongues (Deluxe),Joji,67,Joji,2018-02-14,72Qo3U5apeuv91j9BEqJBM,0.403,0.234,4,-17.865,1,0.0531,0.0618,0.123,0.13,144.226,164430,4
231,ATTENTION,BALLADS 1,Joji,69,Joji,2018-10-26,5aqu5xhPqoOWqF71PkfgM8,0.787,0.312,7,-12.401,1,0.0383,0.0224,0.115,0.425,119.899,128888,4
232,Before The Day Is Over,SMITHEREENS,Joji,77,Joji,2022-11-04,7zBscbZUCr4jEABrfV9g03,0.393,0.305,9,-11.372,1,0.0461,0.00146,0.092,0.15,160.075,213707,4
233,Ew,Nectar,Joji,70,Joji,2020-09-25,7xcUWyLh6fIMsYjoVI7NnZ,0.48,0.373,10,-9.297,1,0.0278,0.067,0.12,0.0376,114.078,207710,4
234,Window,In Tongues (Deluxe),Joji,66,Joji,2018-02-14,6dqiwfvxb1AM5y1vyVwaa0,0.643,0.329,1,-12.598,1,0.0898,0.665,0.0958,0.202,156.959,152375,4
235,WANTED U,BALLADS 1,Joji,71,Joji,2018-10-26,0Y9D1Bc4fAkeZnVsGKdij6,0.305,0.715,7,-7.54,1,0.0554,0.0495,0.0906,0.29,82.977,251015,4
236,Gimme Love,Nectar,Joji,71,Joji,2020-09-25,0HItcI6qN6Dr4MC3CZryQh,0.484,0.632,5,-6.917,1,0.0976,0.0243,0.209,0.0736,126.384,214558,3
237,Plastic Taste,In Tongues (Deluxe),Joji,63,Joji,2018-02-14,4tAroWdVxOsx5teIaZqEHm,0.33,0.16,7,-11.647,1,0.0332,0.93,0.21,0.122,131.222,120424,3
238,Introvert (feat. Joji),Amen,Rich Brian,62,Joji,2018-02-02,3qbqWUDl9j09PeBaQ6CZgr,0.836,0.686,1,-4.673,1,0.0413,0.00231,0.0681,0.632,110.029,222259,4
239,Where Does The Time Go (feat. Joji),The Sailor,Rich Brian,57,Joji,2019-07-26,0D7EgPJwNzBTSej80OveHZ,0.642,0.553,2,-6.573,1,0.0265,9.79e-06,0.112,0.129,139.925,251289,4
240,Gospel,Gospel,Rich Brian,64,XXXTENTACION,2017-05-12,2PqSNVmiEQpFkLoNPoDfwI,0.681,0.659,9,-6.405,1,0.268,8.17e-06,0.11,0.225,156.004,173294,4
241,Achoo,Achoo,Keith Ape,57,Ski Mask The Slump God,2017-10-03,1UzDnvveOGAJiIGNgbaTdt,0.659,0.839,2,-4.106,1,0.162,0.0,0.389,0.624,119.935,244000,4
242,Mull,Ape Into Space,Keith Ape,44,Keith Ape,2022-11-08,3R0rfIZjWpNUHNHREUvCBN,0.675,0.793,11,-3.863,0,0.124,0.0,0.198,0.585,143.95,178920,4
243,All Alright,$MOKE UNDER THE WATER,Keith Ape,45,SosMula,2022-03-11,563krmUFNDwqD0yuAmbX2o,0.536,0.895,11,-4.366,1,0.207,0.0,0.518,0.34,149.778,194821,4
244,"IT G MA REMIX (feat. A$AP Ferg, Father, Dumbfoundead, Waka Flocka Flame)","IT G MA REMIX (feat. A$AP Ferg, Father, Dumbfoundead, Waka Flocka Flame)",Keith Ape,49,Father,2015-07-27,0gpFiquPvir7e3RrM4kii9,0.787,0.743,1,-4.206,1,0.0642,0.0,0.294,0.454,102.076,300000,4
245,WeChat,Black Cab,Higher Brothers,37,Keith Ape,2017-05-31,49iftzwMkjN6d8YI7fsB7t,0.754,0.675,8,-4.58,1,0.207,0.0,0.0346,0.526,145.815,256804,4
246,Face Pucker,$MOKE UNDER THE WATER,Keith Ape,41,SosMula,2022-03-11,4hGwJcHHjYUEWGnPrWdijV,0.697,0.864,10,-4.705,1,0.0958,0.0,0.397,0.463,75.016,161532,4
247,"Underwater 'Water' (feat. Yung Gleesh, Okasian & Kramp)",Ape Into Space,Keith Ape,33,Okasian,2022-11-08,3aGfy3EBdDxElUIWzUJgde,0.786,0.834,8,-4.378,0,0.12,0.0,0.186,0.686,127.996,210480,4
248,Here We Go Again,MOD: Ape's Basics in Time and Play,Keith Ape,30,nascar aloe,2021-09-20,4IRksGw81Om1uCtD64ilvy,0.391,0.909,10,-5.107,1,0.46,0.0,0.201,0.615,79.842,144141,4
249,What?!,$MOKE UNDER THE WATER,Keith Ape,38,SosMula,2022-03-11,286jRWzUVDFEyDvCeibmtr,0.642,0.691,1,-5.89,1,0.0964,0.0,0.165,0.103,160.135,168375,4
250,Hydro Ninja,Ape Into Space,Keith Ape,31,Keith Ape,2022-11-08,6AEmV4Jpyb3PW8qM4hgjNv,0.696,0.924,0,-5.747,0,0.195,0.0,0.288,0.766,77.018,172253,4
251,Diamonds,Diamonds (feat. Jedi P) - Single,Keith Ape,30,Jedi P,2016-08-11,5lmgjpVahAJelpX3KHrQh2,0.767,0.705,0,-9.042,1,0.234,0.0,0.0983,0.493,130.07,213692,4
252,Ape Sounds,BORN AGAIN,Keith Ape,26,Keith Ape,2018-10-12,1V1PFjcAURah0vyApDhxNl,0.839,0.738,1,-6.947,1,0.265,0.000493,0.141,0.532,130.025,121849,4
253,Whiplash (feat. Peewee Longway),Ape Into Space,Keith Ape,30,Peewee Longway,2022-11-08,7HkvTv18vdKOKwCPa1DeBw,0.829,0.882,4,-3.029,1,0.265,0.0,0.21,0.661,96.026,122147,4
254,"IT G MA Remix (josh pan Opus) [feat. A$AP Ferg, Father, Dumbfoundead & Waka Flocka Flame with Anderson .Paak]","IT G MA Remix (josh pan Opus) [feat. A$AP Ferg, Father, Dumbfoundead, Waka Flocka Flame with Anderson .Paak]",Keith Ape,29,Anderson .Paak,2016-02-12,55hUGKgOOB0O5fdoUCLRSZ,0.442,0.822,1,-5.836,1,0.347,3.52e-05,0.117,0.181,101.89,865498,4
255,Yuh Dig,Yuh Dig,Keith Ape,22,Keith Ape,2021-05-24,4FaSFXucb78LI31N3fvCw7,0.529,0.71,10,-5.935,0,0.366,4.53e-05,0.274,0.502,180.276,150508,4
256,My Wrist Clearer Than Water!,BORN AGAIN,Keith Ape,22,Keith Ape,2018-10-12,5VV5SthH2PkI6IeZWMXsqs,0.596,0.907,1,-6.38,1,0.354,0.042,0.116,0.784,160.163,133688,4
257,Eyes Wide Shut,Ape Into Space,Keith Ape,28,Keith Ape,2022-11-08,3OF40jJf62nVwmrkBM2wec,0.726,0.726,1,-5.524,1,0.0802,0.0,0.245,0.379,148.039,197307,4
258,Psycho,Psycho (feat. Robb Bank$) - Single,Keith Ape,25,Robb Bank$,2015-10-15,1gUIRPBiLRgYHya6zaXJeb,0.543,0.812,5,-2.83,0,0.104,0.0,0.226,0.31,124.006,228387,4
259,Orca Walk (feat. Okasian),MOD: Ape's Basics in Time and Play,Keith Ape,18,Okasian,2021-09-20,1H0b0Z9ZPSo98wN44lvSK5,0.857,0.62,0,-6.721,0,0.478,0.0,0.107,0.556,138.093,168827,5
260,The Ice Ape (feat. Chief Keef),BORN AGAIN,Keith Ape,23,Chief Keef,2018-10-12,4SionRSHEHp119SzieYj5T,0.642,0.917,8,-4.695,1,0.435,0.0,0.0916,0.497,163.104,190120,4
261,Walk With Us (feat. Jedi P & Am Kay),Ape Into Space,Keith Ape,27,Am Kay,2022-11-08,7HtPan3iB9NTVEl4bT9auy,0.522,0.897,5,-4.573,0,0.197,0.0,0.128,0.672,139.653,232760,4
262,999,Project : Brainwash,Keith Ape,17,G2,2014-01-22,7arudb7mgwIHzzI8DeGWHr,0.777,0.782,11,-5.159,1,0.175,0.0,0.13,0.591,123.931,190171,4
263,Live long and soul lives,MOD: Ape's Basics in Time and Play,Keith Ape,18,Keith Ape,2021-09-20,1cKoeFdomvx5uwDkTOIQJd,0.576,0.914,7,-3.604,1,0.118,0.0,0.352,0.394,120.064,229253,4
264,Xen,BORN AGAIN,Keith Ape,19,Keith Ape,2018-10-12,0VzrZTDZCFPp83jOdzDgiY,0.651,0.983,4,-3.744,0,0.347,0.0,0.41,0.336,169.981,113118,4
265,New Bap,Project : Brainwash,Keith Ape,14,G2,2014-01-22,4J3qjoXuHVuXYcEBWeYy4X,0.768,0.643,6,-5.876,1,0.389,6.8e-05,0.0861,0.655,88.91,210782,4
266,I Don't Want Peace,MOD: Ape's Basics in Time and Play,Keith Ape,17,Keith Ape,2021-09-20,7e327mqWpz8lPIdwkc9Vzf,0.664,0.829,2,-6.171,1,0.201,0.0,0.774,0.726,128.112,116250,4
267,Ninja Turtle (feat. Wifisfuneral),BORN AGAIN,Keith Ape,21,Wifisfuneral,2018-10-12,1RaCwQ7Nd1gzAyxzMga76C,0.508,0.755,11,-7.606,0,0.458,0.0,0.384,0.582,106.803,192750,5
268,I'm JUST,MOD: Ape's Basics in Time and Play,Keith Ape,16,Keith Ape,2021-09-20,7GMYX1ZCbTIQballLsahmr,0.705,0.971,1,-5.281,1,0.427,6.56e-05,0.421,0.716,133.003,146312,4
269,UL-UM,BORN AGAIN,Keith Ape,18,Keith Ape,2018-10-12,2fJVmsL8Zvq8TU4mlLXphk,0.612,0.889,1,-7.699,1,0.319,4.72e-06,0.917,0.582,85.127,136412,4
270,Mind Control (feat. Paloalto),Project : Brainwash,Keith Ape,14,Paloalto,2014-01-22,6xiJJabpOjIfLdKl3ueRtP,0.653,0.704,2,-5.681,1,0.225,0.0,0.296,0.281,149.956,197251,4
271,The Awakening,MOD: Ape's Basics in Time and Play,Keith Ape,13,Keith Ape,2021-09-20,3JzZFM9x8Wqxk1Jdtph98E,0.784,0.788,0,-5.435,1,0.0836,0.000223,0.339,0.222,130.083,147813,4
272,Intro - Intro,Project : Brainwash,Keith Ape,12,G2,2014-01-22,6GKjlrHvpjtdjHXnP2IQZb,0.603,0.717,6,-5.818,1,0.422,0.0,0.121,0.497,84.662,129933,4
273,Domies (도우미),Domies (도우미) [feat. Keith Ape & Okasian] - Single,Dumbfoundead,17,Okasian,2015-10-02,3qty8OwN4CXom5Uqm5xulD,0.401,0.845,7,-5.17,1,0.394,0.0,0.512,0.431,160.585,232523,3
274,On My Grind,Project : Brainwash,Keith Ape,13,G2,2014-01-22,3e2N06eV52eb3IrAiZl26J,0.743,0.791,7,-5.817,1,0.181,0.0,0.0873,0.344,156.389,195814,4
275,Space Ninja (feat. Okasian),Project : Brainwash,Keith Ape,13,Okasian,2014-01-22,4rIqxZ2M7vKmf6h2HONme3,0.867,0.604,9,-6.565,1,0.311,0.0,0.0751,0.445,127.938,217548,4
276,MAGICIAN,MAGICIAN,Lexie Liu,52,Lexie Liu,2022-11-29,4vQn2xckwjtCkRhHSrVU30,0.571,0.799,2,-5.859,0,0.0439,0,0.406,0.445,120.04,213063,4
277,MIRA,The Happy Star,Lexie Liu,48,Lexie Liu,2022-12-06,5HIKZ0xjMJ6cWg9lwjHS5H,0.543,0.78,1,-6.331,1,0.0313,0.000327,0.136,0.105,99.989,212368,4
278,FORTUNA,FORTUNA,Lexie Liu,52,Lexie Liu,2022-11-22,2ghkqCMxkb53tS5qA9QsEk,0.562,0.802,11,-6.313,1,0.0454,0.0162,0.0873,0.377,160.051,182361,4
279,Manta,无限意识 Meta Ego,Lexie Liu,50,Lexie Liu,2019-12-27,2ckGH6FtxWeAv0SskcREd1,0.709,0.695,11,-4.289,0,0.0371,0,0.117,0.423,95.973,202061,4
280,了 L,上线了 GONE GOLD,Lexie Liu,46,Lexie Liu,2021-01-28,1BArNw5s6pzhaoqrPM8ccF,0.753,0.721,0,-6.197,0,0.0375,6.29e-06,0.199,0.385,119.997,195245,4
281,GANMA,The Happy Star,Lexie Liu,48,Lexie Liu,2022-12-06,3ZCjmlAZfEUbDNKkoJpMjm,0.679,0.876,4,-5.827,0,0.07,0.00396,0.0933,0.12,97.981,160494,4
282,Mulan,2030,Lexie Liu,42,Lexie Liu,2019-02-01,0bXodJaDaearJAcwacOjJe,0.624,0.637,5,-5.912,0,0.166,1.07e-05,0.18,0.55,164.184,223688,4
283,Whenever,无限意识 Meta Ego,Lexie Liu,45,Lexie Liu,2019-12-27,4lx9kWtacO0IuJuJcxOoHV,0.661,0.518,9,-10.033,1,0.032,0.0033,0.365,0.217,101.904,194717,4
284,SHADOW,上线了 GONE GOLD,Lexie Liu,46,Lexie Liu,2021-01-28,79SSuZfbcojuqIMowimxe4,0.608,0.899,3,-5.642,0,0.0576,0.0108,0.114,0.649,116.04,236772,4
285,dance dance,The Happy Star,Lexie Liu,49,Lexie Liu,2022-12-06,1SaUBCZJOk3XCCZd1nFOte,0.597,0.945,11,-4.347,1,0.0318,0.666,0.107,0.816,118.974,174429,3
286,Sleep Away,2030,Lexie Liu,40,Lexie Liu,2019-02-01,0X88QEQffqAzb0LGuonv1r,0.757,0.534,1,-6.95,1,0.0607,0,0.027,0.612,132.943,249166,4
287,玫瑰星云 Holy,无限意识 Meta Ego,Lexie Liu,42,Lexie Liu,2019-12-27,6vce793ItSBXOFULR3TGmV,0.752,0.703,6,-3.831,0,0.0517,0.0176,0.0985,0.493,95.022,168459,4
288,有吗炒面 ALGTR,上线了 GONE GOLD,Lexie Liu,45,Lexie Liu,2021-01-28,6RfGyrPQ1gQM20zfextCm5,0.545,0.89,8,-3.396,0,0.0671,0.000338,0.117,0.528,75.957,254808,4
289,RRR,The Happy Star,Lexie Liu,45,Lexie Liu,2022-12-06,3Q6FNHZ2ZIpJ3hxI905aEG,0.683,0.715,8,-5.791,0,0.107,0.00309,0.109,0.386,97.029,173087,4
290,818(浙江卫视818晚会主题曲),818(浙江卫视818晚会主题曲),Lexie Liu,37,Lexie Liu,2021-08-20,3ssIlDegMnYbItztsKZegV,0.67,0.681,7,-6.614,0,0.0469,0.000136,0.109,0.233,146.026,191641,4
291,地球蓝 Aqua Blue,无限意识 Meta Ego,Lexie Liu,39,Lexie Liu,2019-12-27,412cDA8S8rxvASzrReSUBh,0.57,0.646,9,-5.402,0,0.124,1.48e-06,0.118,0.279,172.01,174912,4
292,猪猪锤 CHU CHU,上线了 GONE GOLD,Lexie Liu,40,Lexie Liu,2021-01-28,1RAZRWGTVTqZfTvL173LEG,0.723,0.472,7,-9.749,0,0.0341,0,0.0975,0.165,100.037,176315,4
293,Bad Dream,The Happy Star,Lexie Liu,45,Lexie Liu,2022-12-06,5NAdyaDf0G8YEmbV4fVwG3,0.566,0.408,6,-10.62,0,0.0435,0.00168,0.0995,0.129,120.064,228014,4
294,黑洞 Metropolis,无限意识 Meta Ego,Lexie Liu,41,Lexie Liu,2019-12-27,660OVyzNoHcvnInBTlXAvH,0.753,0.83,6,-4.103,1,0.0537,0.00215,0.0941,0.429,145.009,258380,4
295,香芋的错觉 CAROUSEL,上线了 GONE GOLD,Lexie Liu,42,Lexie Liu,2021-01-28,4JUD1cL0uwd4lJKI9jCgso,0.694,0.81,7,-6.033,1,0.0341,0.0046,0.242,0.532,117.999,197751,4
296,3.14159,The Happy Star,Lexie Liu,46,Lexie Liu,2022-12-06,6SyDm0wCPpoMYDcx6Dwca3,0.751,0.727,11,-5.259,0,0.06,0.0619,0.0781,0.629,141.967,213125,4
297,Deep Down,Deep Down,Lexie Liu,35,Lexie Liu,2021-05-07,4MqBQNJeivOhL6kkvunDkN,0.628,0.626,10,-6.921,0,0.0364,0.000144,0.111,0.36,139.997,211342,4
298,潘洛斯阶梯 Penrose,无限意识 Meta Ego,Lexie Liu,38,Lexie Liu,2019-12-27,1tclr6OT7k70BeWRIBqNN5,0.741,0.593,9,-7.717,0,0.0397,0.000363,0.107,0.266,129.958,144207,4
299,巴别塔的猫 A BABEL CAT,上线了 GONE GOLD,Lexie Liu,35,Lexie Liu,2021-01-28,3XXBdntUrvuxtNCrCAnV3V,0.52,0.392,3,-7.173,0,0.0288,0.000169,0.226,0.148,143.978,136059,4
300,"好吗, 好啦, 好吧 OK,OK,OK","好吗, 好啦, 好吧 OK,OK,OK",Lexie Liu,34,Lexie Liu,2019-09-30,7nJZ13tKryw7MeG4A3Wt8P,0.823,0.738,8,-6.84,1,0.148,0.00302,0.124,0.386,124.03,197648,4
301,Nada,2030,Lexie Liu,35,Lexie Liu,2019-02-01,3CVEQzKtULatPcRoCUMDvU,0.789,0.558,0,-4.741,1,0.0531,0,0.104,0.523,101.038,137775,4
302,Like A Mercedes,Like A Mercedes,Lexie Liu,33,Lexie Liu,2018-06-19,1w1B8Yo4Z5I3GexeTEunTB,0.609,0.728,1,-7.279,0,0.042,0,0.0888,0.517,166.053,212823,4
303,白鷺思一騁(大型紀錄片《紫禁城》主題歌),白鷺思一騁(大型紀錄片《紫禁城》主題歌),Lexie Liu,30,Lexie Liu,2021-11-20,68YY9m30BLGui3gFGy4JJL,0.469,0.738,3,-6.874,0,0.0921,0.000132,0.386,0.212,178.187,194979,4
304,瞳雀,瞳雀,Lexie Liu,27,Lexie Liu,2020-05-27,2xT2pnqVKWDCERpcSABQME,0.658,0.639,2,-6.188,0,0.043,2.89e-05,0.125,0.398,94.995,210017,4
305,Love and Run,2030,Lexie Liu,34,Lexie Liu,2019-02-01,5Z56vxQFZ1GtLLw6uq4zUE,0.603,0.581,0,-6.04,1,0.0333,0.00399,0.144,0.153,121.049,191699,4
306,白鷺思一騁(大型紀錄片《紫禁城》主題歌)(伴奏),白鷺思一騁(大型紀錄片《紫禁城》主題歌),Lexie Liu,24,Lexie Liu,2021-11-20,1101UgMn5zryeUMi1h2Lnv,0.538,0.41,3,-18.779,0,0.0539,0.81,0.369,0.139,177.98,199532,4
307,Hat Trick,2030,Lexie Liu,37,Lexie Liu,2019-02-01,02Y5afO1mCHxKp9ozmBv1Q,0.559,0.58,8,-5.293,0,0.0932,0,0.109,0.431,177.047,169109,3
308,Outta Time (feat. KILLY),2030,Lexie Liu,34,KILLY,2019-02-01,6WlTL4k95eFTlN6RBGqlkz,0.625,0.579,1,-5.001,1,0.0695,2.25e-05,0.0867,0.155,145.954,171584,4
309,world.execute (me) ;,Miracle Milk,Mili,54,Mili,2016-10-12,2aozlm4HfRx8yRYL7RCoAH,0.522,0.817,2,-6.172,0,0.0461,0.652,0.393,0.548,129.971,211913,4
310,Rightfully (TV Animation Goblin Slayer opening),Rightfully (TV Animation Goblin Slayer opening),Mili,55,Mili,2018-11-18,73tTDsjutmpFg31yIEvx8B,0.39,0.724,4,-6.015,0,0.0635,9.72e-05,0.102,0.301,181.91,213333,4
311,String Theocracy,To Kill a Living Book -for Library Of Ruina-,Mili,51,Mili,2021-10-29,7ETSUd74fhHvG2JldNVizV,0.655,0.78,7,-5.622,0,0.0486,0.0,0.332,0.659,116.027,174170,4
312,"In Hell We Live, Lament","In Hell We Live, Lament",Mili,50,KIHOW,2021-12-21,25vvfOwx0tw2N44SMk1cMC,0.45,0.558,8,-7.722,0,0.0346,8.41e-06,0.288,0.146,124.818,223808,4
313,Mortal With You,Mortal With You,Mili,50,Mili,2022-07-06,2Cl3bTLiHuQlQBcZSxJLON,0.381,0.525,9,-8.039,0,0.0362,1.03e-05,0.0946,0.232,183.635,235773,3
314,Gone Angels,To Kill a Living Book -for Library Of Ruina-,Mili,43,Mili,2021-10-29,6ijdkhXSb5w1evhv63b3Hp,0.588,0.32,11,-10.338,0,0.0288,0.00379,0.105,0.478,64.627,144927,4
315,Paper Bouquet,Paper Bouquet,Mili,47,Mili,2022-04-02,4bBn7HCdg8psZmGomE5jap,0.563,0.867,0,-7.422,0,0.0356,0.0737,0.21,0.665,106.034,208559,4
316,Ga1ahad and Scientific Witchery,Miracle Milk,Mili,45,Mili,2016-10-12,5mshWVHuDzHDDTvJvDTqCr,0.515,0.875,9,-5.708,0,0.0364,0.418,0.218,0.497,165.991,221378,4
317,Within (Goblin Slayer Episode Twelve inserted song),Within (Goblin Slayer Episode Twelve inserted song),Mili,46,Mili,2018-12-23,0XGiCdsCrUZmImVOEM6HMn,0.647,0.409,6,-7.899,0,0.0319,0.0105,0.286,0.11,113.906,166184,3
318,Children of the City,To Kill a Living Book -for Library Of Ruina-,Mili,44,Mili,2021-10-29,0QB80KYr6gfXcWg5keXib7,0.684,0.648,8,-6.971,1,0.0271,0.0363,0.131,0.446,119.019,234093,4
319,Dancing Ghost's Ball Jointed Darling,Dancing Ghost's Ball Jointed Darling,Mili,46,Mili,2022-12-03,7vzqFnZSbIcRaSBvjl8ilD,0.584,0.46,7,-10.771,1,0.0399,1.99e-05,0.136,0.56,81.064,194118,4
320,sustain++;,Intrauterine Education,Mili,45,Mili,2020-06-10,1QcKCeK0oOXwSknnlC1W3p,0.598,0.639,0,-7.666,0,0.0292,0.334,0.105,0.321,125.997,361000,4
321,Summoning 101,Millennium Mother,Mili,41,Mili,2018-04-25,5RHkpffEyeeklJnCmsRWpi,0.624,0.858,0,-5.222,1,0.0252,0.0,0.136,0.823,93.038,171480,4
322,"Salt, Pepper, Birds, and the Thought Police",To Kill a Living Book -for Library Of Ruina-,Mili,42,Mili,2021-10-29,3HzN4vC4BUatIwvAUa3Fi9,0.62,0.601,3,-5.945,1,0.0556,0.0,0.0782,0.615,77.96,244078,4
323,Iron Lotus,Iron Lotus,Mili,41,Mili,2021-02-27,28WEtxlwyWAScqgTQSZzUQ,0.573,0.728,11,-8.961,0,0.0372,0.101,0.377,0.361,137.942,237851,4
324,RTRT,Miracle Milk,Mili,41,Mili,2016-10-12,5PRm5YNFUs6sWwAgoJdJIi,0.647,0.798,7,-6.72,1,0.0326,0.204,0.1,0.446,131.981,215024,4
325,From a Place of Love,To Kill a Living Book -for Library Of Ruina-,Mili,40,Mili,2021-10-29,2slcjiJjdLSNG7Hl9zVFfS,0.63,0.416,0,-10.294,1,0.0325,0.00388,0.16,0.408,119.941,182088,4
326,Birthday Kid,Birthday Kid,Mili,40,Mili,2019-10-24,3nOPBxg7m74ai6nl0tIu6b,0.559,0.568,0,-8.88,0,0.0304,0.382,0.129,0.477,75.029,211779,4
327,Bathtub Mermaid,Miracle Milk,Mili,38,Mili,2016-10-12,64UdBWOO6lIsD86qkL9euA,0.653,0.216,3,-13.426,0,0.0323,0.0525,0.12,0.287,117.028,224022,3
328,Poems of a Machine,To Kill a Living Book -for Library Of Ruina-,Mili,40,Mili,2021-10-29,7gTxVOyb4dRPrn68KadstF,0.584,0.554,6,-7.164,0,0.031,0.102,0.115,0.245,129.947,274084,4
329,Red Dahlia,Miracle Milk,Mili,37,Mili,2016-10-12,3e3RJprC6Tdqdvp7KjCG1f,0.487,0.259,0,-10.441,0,0.0291,0.000563,0.131,0.314,107.899,137546,3
330,A Turtle's Heart - Key Ingredient ver.,Key Ingredient,Mili,36,Mili,2022-06-03,3eBVgYz7pY6fxhIZ85i4ax,0.66,0.258,11,-13.74,0,0.0311,0.000262,0.0638,0.586,147.903,174552,4
331,Victim,Victim,Mili,37,Mili,2019-01-24,0f4OsXL2l0d5xCPyA0vB7q,0.442,0.581,3,-6.471,1,0.0315,0.00074,0.116,0.195,77.058,231712,4
332,"Dandelion Girls, Dandelion Boys",Dandelions & Bento Boxes,Mili,34,Mili,2022-01-14,3sKeUtZ3MDjpWGo17dTzE1,0.473,0.59,11,-11.655,0,0.0503,0.0276,0.134,0.343,166.102,170964,4
333,Static,Static,Mili,37,Mili,2020-02-01,46Jzcegrh5I5nQtT3TDRuK,0.315,0.396,0,-10.784,0,0.0369,0.000134,0.194,0.29,101.64,213111,5
334,Vitamins,Millennium Mother,Mili,36,World's End Girlfriend,2018-04-25,0bHINzk3dXPggelTZeMxEe,0.674,0.652,10,-6.51,1,0.032,0.0177,0.11,0.586,95.517,300387,4
335,Utopiosphere -Platonism-,Miracle Milk,Mili,36,Mili,2016-10-12,17oaQnX7dsafcpho64juVm,0.457,0.298,0,-11.84,1,0.0332,0.0103,0.0929,0.53,176.085,131208,4
336,Utopiosphere,Mag Mell,Mili,36,Mili,2014-09-24,3pbOW4z7XOook7GFmt48v6,0.592,0.631,7,-9.515,1,0.0479,2.23e-06,0.0858,0.506,88.031,132955,4
337,Camelia,Millennium Mother,Mili,38,Mili,2018-04-25,4NF2wkVJMrUipF7UDVmfjn,0.643,0.47,1,-6.043,0,0.0263,0.0,0.132,0.442,126.035,279987,4
338,world.search (you) ;,Hue,Mili,38,Mili,2017-05-24,3e2OvQb3ps7AoYldKCjJhW,0.734,0.689,0,-6.991,1,0.0443,4.15e-05,0.0764,0.935,138.917,292484,4
339,Sloth,Sloth,Mili,35,Mili,2019-09-10,33bTCbRo9JMdFPnhhStFv7,0.765,0.39,10,-9.301,1,0.0549,0.0678,0.112,0.448,115.997,173349,4
340,Mitsubachi,Mitsubachi,Mili,36,Mili,2019-10-04,3lIkIykzGRhDAmg536iXuC,0.719,0.73,5,-8.628,0,0.0489,0.00762,0.0852,0.464,147.911,178127,4
341,With a Billion Worldful of <3,Millennium Mother,Mili,35,DE DE MOUSE,2018-04-25,1iOHtZpeycLcK5AyaSMcwV,0.456,0.678,10,-6.417,0,0.0414,2.05e-05,0.0812,0.323,150.217,205480,4
342,My Creator,My Creator,Mili,34,Mili,2022-02-26,5iYe1VSmOWbEGo6Oyy31ii,0.259,0.485,11,-7.105,1,0.0346,0.00918,0.176,0.227,81.162,192640,3
343,TOKYO NEON - Key Ingredient ver.,Key Ingredient,Mili,32,Mili,2022-06-03,2YYxD0a8Ss4TrKaSnNx7WV,0.491,0.285,11,-12.174,1,0.0387,6.08e-05,0.0937,0.558,92.446,253024,4
344,雨と体液と匂い,雨と体液と匂い,Mili,35,Mili,2020-06-10,1ouz5gvh7XQm0Ryj7OwKZ1,0.689,0.488,3,-8.972,1,0.0296,0.00532,0.103,0.3,127.977,299000,4
345,Mirror Mirror,Millennium Mother,Mili,34,Mili,2018-04-25,62A9O04etYcSU93mlbEgx7,0.756,0.74,4,-5.788,0,0.0336,0.00074,0.101,0.629,119.988,194173,4
346,Though Our Paths May Diverge (Goblin Slayer Episode Seven inserted song),Rightfully (TV Animation Goblin Slayer opening),Mili,34,Mili,2018-12-05,3bQQKyBQW6owZQqowvdSa1,0.109,0.24,1,-12.274,0,0.0355,0.00316,0.0907,0.0521,166.383,198767,4
347,Rubber Human - Key Ingredient ver.,Key Ingredient,Mili,32,Mili,2022-06-03,7BkcYnj2j8xBtGuaVYw7V4,0.846,0.333,11,-14.959,1,0.068,0.0,0.0738,0.494,129.963,147573,4
348,Nine Point Eight,Mag Mell,Mili,35,Mili,2014-09-24,3Ue79QtEfx0xECmXb28LeK,0.429,0.704,2,-6.803,1,0.0373,3.17e-05,0.125,0.554,82.025,190610,4
349,Mushrooms,Millennium Mother,Mili,33,Mili,2018-04-25,6WNsXkb1s8TvE2qN4V1wo1,0.573,0.601,1,-7.539,1,0.0367,0.0,0.0688,0.336,155.915,225053,4
350,Little Prince (feat. NIKI),Amen,Rich Brian,51,NIKI,2018-02-02,3jKJnHixssQxdCShjpirKQ,0.909,0.414,0,-7.337,1,0.0514,2.49e-05,0.109,0.761,139.963,172445,4
351,No More (feat. NIKI),Five Stars,Higher Brothers,41,NIKI,2019-02-22,7lxcmd6V6iFDgtw9urFsGB,0.75,0.651,10,-6.684,0,0.11,2.15e-06,0.0776,0.61,142.118,229859,4
352,New Tooth,New Tooth,Rich Brian,51,Rich Brian,2021-11-04,2cyD0OE6HQwSk2nmDcQx1O,0.788,0.678,4,-8.584,0,0.0386,0.233,0.141,0.39,120.019,220000,4
353,Sydney,Sydney,Rich Brian,48,Rich Brian,2021-03-16,3OzZSSRbdIr1Jojw1rHUB1,0.62,0.476,11,-12.759,0,0.0724,0.0,0.135,0.602,161.168,194240,4
354,DOA,1999,Rich Brian,47,Rich Brian,2020-08-24,1nTvyaoTiHhsAiEMaWk2Ik,0.603,0.611,0,-7.787,0,0.0478,0.0,0.109,0.317,86.001,161163,4
355,Don't Care,Don't Care,Rich Brian,44,Rich Brian,2020-08-18,5ikdrhBackb0NBru3psf0o,0.642,0.569,1,-9.38,1,0.0476,0.0,0.105,0.194,140.095,164571,4
356,Love In My Pocket,Love In My Pocket,Rich Brian,43,Rich Brian,2020-07-09,4Ep8QJvoIyQdiMPT2dCORB,0.829,0.597,0,-7.962,0,0.0345,0.0,0.11,0.782,113.011,223093,4
357,BALI,BALI,Rich Brian,41,Guapdad 4000,2020-04-09,3lm8jJdsH8Gxs0qwKljoGb,0.864,0.642,5,-6.342,0,0.0514,0.0,0.22,0.622,129.995,199385,4
358,TITANIC (feat. Rich Brian),MIRRORS,Jackson Wang,54,Rich Brian,2019-10-25,6k6pPAqLxleqb3fbMtVjxe,0.894,0.748,11,-8.22,0,0.338,0.0,0.057,0.697,99.983,141147,4
359,Dat $tick,Dat $tick,Rich Brian,64,Rich Brian,2016-03-11,4bdJHQp90ymjEIkkYhcENB,0.923,0.508,1,-8.668,1,0.0468,1.21e-05,0.126,0.168,108.039,126667,4
360,Glow Like Dat,Glow Like Dat,Rich Brian,51,Rich Brian,2017-08-15,4Tulf6yVo59f2ofSi3YUqW,0.787,0.586,10,-9.64,1,0.0695,0.000311,0.118,0.581,140.036,210862,4
361,Rapapapa (feat. RZA),The Sailor,Rich Brian,51,RZA,2019-07-26,7sPoDigIbCWDS6AZmOhSRR,0.782,0.752,3,-4.622,0,0.214,0.0,0.114,0.504,126.936,247166,4
362,Drive Safe,The Sailor,Rich Brian,62,Rich Brian,2019-07-26,6eDfe957aV4sqGnDhlSikJ,0.635,0.312,7,-8.134,1,0.0265,0.0,0.138,0.414,98.017,240118,4
363,The Sailor,The Sailor,Rich Brian,47,Rich Brian,2019-07-26,4dV4G96hqT5qCU9v7JBCk2,0.455,0.566,11,-8.763,0,0.142,5.24e-05,0.696,0.393,119.935,220834,4
364,Yellow (feat. Bekon),The Sailor,Rich Brian,50,Bekon,2019-07-26,3PPAFAhNAvJYs74JnujgGq,0.447,0.53,0,-5.028,1,0.028,4.25e-05,0.351,0.0621,75.917,291870,4
365,100 Degrees,The Sailor,Rich Brian,61,Rich Brian,2019-07-26,2ZDpSQfBdgkooeXw6oj3Uz,0.756,0.648,0,-5.287,1,0.0731,0.0,0.515,0.657,80.979,166146,4
366,Who That Be,Who That Be,Rich Brian,49,Rich Brian,2016-08-09,1XSvndyw6uqVW1ekRZsJUp,0.959,0.47,0,-11.53,1,0.166,0.0,0.0806,0.964,129.995,134880,4
367,Kids,The Sailor,Rich Brian,47,Rich Brian,2019-07-26,5zXK1z8U96zU3tZlFFXYdH,0.635,0.694,1,-3.549,1,0.159,0.0,0.141,0.398,85.809,270131,4
368,Attention (feat. Offset),Amen,Rich Brian,50,Offset,2018-02-02,16wWFYS9S4hKBk2Ofj3Ss6,0.884,0.547,11,-7.492,1,0.387,0.0,0.124,0.425,158.019,170200,4
369,Slow Down Turbo,The Sailor,Rich Brian,47,Rich Brian,2019-07-26,5cdmj1cvGZovYsd8nSjtsF,0.389,0.518,7,-7.679,0,0.12,0.0688,0.182,0.0392,78.114,239715,4
370,Confetti,The Sailor,Rich Brian,44,Rich Brian,2019-07-26,2Wpf66d6S1qZO4Mt39PvEz,0.77,0.762,1,-4.298,1,0.118,0.0,0.0809,0.326,141.052,172023,4
371,Curious,The Sailor,Rich Brian,50,Rich Brian,2019-07-26,1nbS9XTgYPM9dONkXtDECB,0.817,0.433,6,-7.26,1,0.0501,1.52e-06,0.106,0.9,111.059,225499,4
372,Vacant,The Sailor,Rich Brian,43,Rich Brian,2019-07-26,1M86gMpkoaXg83hOdGGhCw,0.573,0.483,0,-9.313,0,0.141,6.92e-06,0.266,0.301,192.101,152521,4
373,No Worries,The Sailor,Rich Brian,43,Rich Brian,2019-07-26,5ygNO0E9Nido0T6oJ8WqDU,0.563,0.58,10,-8.226,1,0.0836,0.0,0.134,0.14,79.194,163353,4
374,Introvert (feat. Joji),Amen,Rich Brian,62,Joji,2018-02-02,3qbqWUDl9j09PeBaQ6CZgr,0.836,0.686,1,-4.673,1,0.0413,0.00231,0.0681,0.632,110.029,222259,4
375,Cold,Amen,Rich Brian,53,Rich Brian,2018-02-02,0nKpHGrnuejevp6openGaF,0.648,0.734,0,-6.289,1,0.298,0.0,0.0938,0.196,167.044,228433,4
376,Gospel,Gospel,Rich Brian,64,XXXTENTACION,2017-05-12,2PqSNVmiEQpFkLoNPoDfwI,0.681,0.659,9,-6.405,1,0.268,8.17e-06,0.11,0.225,156.004,173294,4
377,Where Does The Time Go (feat. Joji),The Sailor,Rich Brian,57,Joji,2019-07-26,0D7EgPJwNzBTSej80OveHZ,0.642,0.553,2,-6.573,1,0.0265,9.79e-06,0.112,0.129,139.925,251289,4
378,Seventeen,Seventeen,Rich Brian,41,Rich Brian,2016-12-21,5Mbz3t8k16WjlDkmXBxmlf,0.8,0.392,11,-15.392,1,0.358,1.66e-05,0.448,0.285,144.999,163931,4
379,watch out!,watch out!,Rich Brian,41,Rich Brian,2018-04-04,4DGmoB9LuGlOY91jFugBYU,0.865,0.686,1,-8.812,1,0.275,0.000112,0.327,0.385,160.019,156000,4
380,Crisis (feat. 21 Savage),Crisis (feat. 21 Savage),Rich Brian,46,21 Savage,2017-11-10,60KSdUUY3dtPOFpvTf0wNm,0.898,0.671,11,-5.939,0,0.228,4.95e-05,0.119,0.668,144.989,216190,4
381,Chaos,Chaos,Rich Brian,43,Rich Brian,2017-10-05,2CvcVMkyBhXHD9d0QIpw4X,0.809,0.581,10,-8.294,0,0.195,0.000513,0.345,0.369,149.949,132038,4
382,Trespass,Amen,Rich Brian,43,Rich Brian,2018-02-02,3oYIm3GyXki3zEX6It90Wi,0.823,0.798,0,-5.444,1,0.172,0.013,0.404,0.384,140.062,179181,4
383,Little Prince (feat. NIKI),Amen,Rich Brian,51,NIKI,2018-02-02,3jKJnHixssQxdCShjpirKQ,0.909,0.414,0,-7.337,1,0.0514,2.49e-05,0.109,0.761,139.963,172445,4
384,See Me,Amen,Rich Brian,47,Rich Brian,2018-02-02,17I8HJ0rI760NXwve92rpO,0.854,0.578,5,-8.824,1,0.0889,1.1e-06,0.0844,0.306,137.025,212472,4
385,Amen,Amen,Rich Brian,45,Rich Brian,2018-02-02,4gAakyurZ4cbgnPyTuswp7,0.918,0.684,11,-9.208,0,0.285,3.16e-06,0.0907,0.774,140.077,116710,4
386,Flight,Amen,Rich Brian,44,Rich Brian,2018-02-02,2vyEkiHFDjWW19k0h3uvFv,0.77,0.564,0,-5.615,1,0.0421,0.00306,0.103,0.348,97.35,177463,4
387,Occupied,Amen,Rich Brian,43,Rich Brian,2018-02-02,7tCtApWNvLIIlplk3NieWx,0.819,0.823,11,-7.491,1,0.132,0.000422,0.0676,0.805,82.5,161804,4
388,Arizona (feat. AUGUST 08),Amen,Rich Brian,44,AUGUST 08,2018-02-02,3q0UN40vV6mI7TT560Ry5l,0.651,0.526,8,-10.886,1,0.356,0.0,0.386,0.509,95.049,292381,4
389,Can't Stop This Party,Can't Stop This Party,Seori,45,Seori,2022-03-22,1FP2jE6moLiHoNUaWTUyJc,0.729,0.409,10,-9.643,0,0.137,0.00125,0.2,0.37,87.975,222849,4
390,긴 밤 (feat. GIRIBOY),긴 밤 (feat. GIRIBOY),Seori,58,GIRIBOY,2021-06-10,5YAO57ujV1cs5eubzyOL1E,0.722,0.514,1,-5.709,0,0.0487,0.0,0.3,0.59,129.997,210853,4
391,Dive with you (feat. eaJ),Dive with you (feat. eaJ),Seori,60,eaJ,2021-08-22,5RqwjQWDwxQ3HTkOfXTrS6,0.724,0.675,0,-6.487,1,0.148,0.000232,0.0852,0.544,94.027,218240,4
392,Lovers In The Night,Lovers In The Night,Seori,61,Seori,2021-03-18,2dX2W20qzwqM6G910woDKo,0.776,0.785,9,-4.085,0,0.058,0.000807,0.169,0.5,98.036,210547,4
393,Running Through The Night,?depacse ohw,Seori,59,Seori,2020-05-12,3UZ46DvXvB2R7sBUZornlv,0.644,0.532,0,-6.541,1,0.0562,0.0,0.266,0.64,92.039,217533,4
394,Wicked,Remarriage and Desires (Original Soundtrack from The Netflix Series),Seori,51,Seori,2022-07-15,3B4u3uZGm7PCfhc18oTi1J,0.69,0.32,4,-6.037,0,0.0273,1.2e-05,0.104,0.43,99.997,194739,4
395,Trigger,Trigger,Seori,49,Seori,2020-12-16,5PtWJLo7A2G5ZROZJxLXSY,0.792,0.505,5,-5.966,0,0.0619,0.000531,0.121,0.453,150.057,200000,4
396,Who Escaped?,?depacse ohw,Seori,44,Seori,2020-05-12,4YEUL0JWPpHsAek1w6HrX7,0.616,0.492,9,-5.402,1,0.0782,0.000164,0.389,0.204,95.14,80973,4
397,Hairdryer,?depacse ohw,Seori,41,Seori,2020-05-12,3Pcc8lL4JEXtKvyCfh3bsB,0.465,0.391,2,-8.574,1,0.285,0.0,0.0918,0.175,171.238,184560,5
398,Really High,?depacse ohw,Seori,43,Seori,2020-05-12,7EXHK5NtyxsOeVGBA42peN,0.753,0.708,9,-3.788,1,0.0788,0.0,0.0922,0.61,136.991,202107,4
399,Fairy Tale,?depacse ohw,Seori,51,Seori,2020-05-12,02bKxwW9XY9LElj0TqDK6S,0.445,0.456,6,-8.05,0,0.302,0.000178,0.179,0.13,189.96,217947,3
400,I Wanna Cry,?depacse ohw,Seori,50,Seori,2020-05-12,3OGExdeVdTQ8pe7rZiqkDs,0.518,0.253,4,-10.365,0,0.0838,0.0,0.32,0.125,138.321,195093,4
401,Beautiful Night,Seoul Check-in OST Part 5,Seori,45,Seori,2022-05-07,6w5I5eJCuNSNa3FdEq4sfs,0.657,0.663,9,-3.79,1,0.0231,1.57e-05,0.196,0.598,100.012,200460,4
402,I Love You 3000,I Love You 3000,Stephanie Poetri,69,Stephanie Poetri,2019-06-03,3znQ9i61vfe2E7URHlOiyc,0.648,0.382,6,-7.85,1,0.0396,0,0.393,0.408,90.099,209734,4
403,Bad Haircut (feat. JVKE),oh to be in love,Stephanie Poetri,55,JVKE,2022-03-18,0b8HcbULuUTZI07s1q7o4K,0.629,0.43,10,-10.55,1,0.0324,1.57e-05,0.117,0.451,76.983,222167,4
404,Breakfast in Bed,Breakfast in Bed,Stephanie Poetri,51,gnash,2022-10-28,3c5sWNPKG69X0JcGUgbBOj,0.768,0.501,2,-10.819,1,0.0884,3.55e-05,0.17,0.828,120.129,163642,4
405,Do You Love Me,Do You Love Me,Stephanie Poetri,48,Stephanie Poetri,2020-02-14,1rbjic9uKr1p6nxnjLDHN6,0.691,0.572,0,-7.745,1,0.0652,6.34e-06,0.168,0.697,102.018,144383,4
406,Picture Myself,Picture Myself,Stephanie Poetri,43,Stephanie Poetri,2022-01-13,3QWIMcT8jEbBaGAXZDRmel,0.674,0.343,10,-7.059,0,0.0286,1.15e-05,0.124,0.292,146.019,211337,4
407,Selfish,Selfish,Stephanie Poetri,40,Stephanie Poetri,2020-12-01,4U8z0N3ELIhn9gys3u4ahp,0.622,0.529,7,-7.67,1,0.0849,9.89e-05,0.165,0.683,82.324,146728,4
408,Honeymoon,oh to be in love,Stephanie Poetri,37,Stephanie Poetri,2022-03-18,2zU8TdrMkIftweedAK7AG5,0.694,0.575,7,-8.308,1,0.0341,0.000407,0.123,0.31,116.958,189791,4
409,3PM,AM:PM,Stephanie Poetri,33,Stephanie Poetri,2021-03-12,1o5TMGhTM1EXtvnFghWLUs,0.698,0.44,9,-5.878,0,0.037,2.42e-06,0.134,0.586,80.067,196256,4
410,Straight To You,Straight To You,Stephanie Poetri,35,Stephanie Poetri,2020-04-24,58bpEULoDFAMC9CBuRKYaA,0.66,0.642,11,-6.641,0,0.0474,3.22e-06,0.0747,0.401,90.014,165142,4
411,Touch,Do You Love Me,Stephanie Poetri,34,Stephanie Poetri,2020-02-14,3tDY9KeyLoXKd956CwzPTN,0.839,0.342,0,-11.277,1,0.236,0,0.101,0.715,92.455,174006,4
412,Please Don't Die Before I Do,oh to be in love,Stephanie Poetri,28,Stephanie Poetri,2022-03-18,6lnu1x2ePMcCwH8KhAORud,0.42,0.216,2,-10.425,1,0.0374,3.15e-05,0.0798,0.437,81.613,128468,4
413,IRL,IRL,Stephanie Poetri,29,Stephanie Poetri,2021-02-11,2hTm4MljABGm013AzKCxN6,0.661,0.661,9,-6.678,1,0.0358,0,0.0896,0.548,93.043,198710,4
414,Matamu - Acoustic,AM:PM (Acoustic),Stephanie Poetri,31,Stephanie Poetri,2021-09-28,1pKQ0oGgU8rzj4wZ300bnm,0.627,0.373,3,-5.956,1,0.0313,0,0.147,0.558,114.908,225440,3
415,How We Used To,How We Used To,Stephanie Poetri,29,Stephanie Poetri,2021-01-14,2xzt45z07PZTskSOBNWlpp,0.721,0.49,0,-7.922,1,0.0414,0.0012,0.108,0.502,75.005,169656,4
416,Little Lifetimes,oh to be in love,Stephanie Poetri,28,Stephanie Poetri,2022-03-18,2NnllAqabv312ZRGE2lL5d,0.352,0.35,5,-6.439,0,0.0377,0,0.113,0.376,91.525,158769,3
417,Appreciate - English Version,Appreciate (English Version),Stephanie Poetri,31,Stephanie Poetri,2019-04-19,7fvr9JMI9DCuty3882lZ9t,0.664,0.831,0,-4.39,1,0.0765,4.16e-06,0.123,0.388,119.991,235627,4
418,Daydreaming,AM:PM,Stephanie Poetri,25,Stephanie Poetri,2021-03-12,67qaGgva6F3rMU4KWHQpv1,0.758,0.584,10,-6.247,1,0.0872,0,0.18,0.631,109.949,170182,4
419,Paranoia,AM:PM,Stephanie Poetri,25,Stephanie Poetri,2021-03-12,2HwoBZlDBobCAyRtV9KyUh,0.614,0.42,6,-6.953,0,0.053,5.43e-05,0.212,0.336,150.054,176081,4
420,BOY OF THE YEAR,BOY OF THE YEAR,Warren Hue,48,Warren Hue,2022-07-29,0ILMJs4jLsxUtZbtqxx9We,0.413,0.476,3,-7.014,1,0.0269,0.000105,0.552,0.149,79.96,212873,4
421,BOTYFREESTYLE#1,BOY OF THE YEAR,Warren Hue,39,Warren Hue,2022-07-29,5urLHkxDBRUtgrIpLhU564,0.726,0.713,0,-5.103,1,0.281,0.0,0.337,0.866,165.017,65620,4
422,I$$EY,BOY OF THE YEAR,Warren Hue,41,Warren Hue,2022-07-29,5T0hgsHKITWOx826JrBkRM,0.893,0.728,1,-6.893,1,0.323,2.09e-06,0.117,0.588,140.082,118111,4
423,OK WORD!,BOY OF THE YEAR,Warren Hue,41,Warren Hue,2022-07-29,7Azf4U4EDazpJaPcblrdC9,0.714,0.594,0,-5.731,1,0.0333,0.0,0.0981,0.452,109.97,215255,4
424,WEST,WEST,Warren Hue,43,Warren Hue,2021-10-29,7LiXlY6Fhueht9ME6oLzWN,0.628,0.585,3,-7.539,0,0.0723,0.0,0.154,0.704,74.999,169600,4
425,WEST,WEST,Warren Hue,13,Warren Hue,2021-10-28,4sUd3mWXMgVeGoG6Da4dFy,0.628,0.666,3,-4.922,0,0.08,0.0,0.17,0.688,75.036,169600,4
426,"I NEED U, IN THE SUMMERTIME","I NEED U, IN THE SUMMERTIME",Warren Hue,49,Chasu,2020-08-08,5NqIHUcwfBDpc1rgTxKvyG,0.723,0.851,0,-3.666,0,0.0559,0.0,0.0736,0.984,150.026,158076,4
427,omomo punk,omomo punk,Warren Hue,52,Warren Hue,2021-03-30,5ybZNG4saSghgCiTP2GUKe,0.575,0.701,11,-8.448,0,0.0514,0.0,0.139,0.324,173.972,193107,4
428,Star in Love,Star in Love,Warren Hue,44,Warren Hue,2020-06-19,494CFV6Lz7SpOr6AeGriAV,0.767,0.759,1,-3.722,0,0.0824,0.0,0.167,0.56,140.006,208393,4
429,WHY IS MY WIFI SLOW?,WHY IS MY WIFI SLOW?,Warren Hue,24,Warren Hue,2019-03-15,5Iz235YbxRjdrsTiWvRI58,0.792,0.457,11,-14.631,0,0.438,0.0,0.0712,0.429,185.965,157013,4
430,YELLOW,YELLOW,Warren Hue,31,Warren Hue,2018-08-29,4n9l8t0zACBuzh9wjW08CZ,0.762,0.295,10,-16.249,0,0.117,0.00531,0.234,0.237,139.921,136671,4
431,blue jeans,blue jeans,Warren Hue,27,Erika,2019-11-08,1OrZYFyuBeU4vwpDc9gQgT,0.805,0.556,2,-9.103,1,0.123,0.0,0.439,0.707,130.009,206682,4
432,candy choppa,candy choppa,Warren Hue,28,Chasu,2019-11-29,3qKgefxdU1fykB18P0W5Hr,0.939,0.48,5,-8.162,0,0.198,0.0,0.119,0.849,119.975,147500,4
433,Beyoncé,Beyoncé,Warren Hue,27,Warren Hue,2019-07-24,4R4kwRt7eQyF1Las2FIEsa,0.731,0.37,4,-5.505,0,0.107,0.000149,0.0846,0.23,164.047,212012,4
434,Charged!,Charged!,Warren Hue,0,Warren Hue,2021-04-16,2wXfOBjmMGKz4ofYQZxJa7,0.803,0.749,9,-6.182,0,0.0545,0.00262,0.108,0.663,117.964,135587,4
435,omomo punk,omomo punk,Warren Hue,12,Warren Hue,2021-03-29,3iRnfsnYmaCE6jDC2nSGeR,0.572,0.676,11,-8.975,0,0.0612,1.22e-06,0.172,0.385,173.983,193107,4
436,do u miss me?,SUGARTOWN,Warren Hue,34,Chasu,2019-12-13,3J5fAKjThxep1NjaxRyDhT,0.83,0.539,1,-9.464,0,0.0375,0.0,0.106,0.537,135.969,173051,4
437,blue jeans,SUGARTOWN,Warren Hue,42,Erika,2019-12-13,0FZDkZbyB4ZqFfLAiahoDz,0.805,0.556,2,-9.103,1,0.123,0.0,0.439,0.707,130.009,206682,4
438,sugarbaby,SUGARTOWN,Warren Hue,37,Chasu,2019-12-13,4TZQ6GyF99jFYjeAPAHYiO,0.824,0.494,1,-10.46,1,0.189,1.3e-06,0.355,0.256,100.054,226800,4
439,head over heels,SUGARTOWN,Warren Hue,32,Chasu,2019-12-13,2VQpfbvL4hyd9NE0Nw3MWP,0.866,0.466,8,-11.722,1,0.0475,0.0,0.106,0.756,110.03,184909,4
440,candy choppa,SUGARTOWN,Warren Hue,51,Chasu,2019-12-13,0afkEmqKAiVYI6aMsNhkR6,0.939,0.48,5,-8.162,0,0.198,0.0,0.119,0.849,119.975,147500,4
441,bye bye sugartown,SUGARTOWN,Warren Hue,32,Chasu,2019-12-13,0307GCpRkJm7rIVDe7ie5E,0.706,0.461,7,-10.538,1,0.116,0.0,0.0947,0.348,136.019,267353,4
442,no violence!,SUGARTOWN,Warren Hue,28,A. Nayaka,2019-12-13,1BE0ynt2xvHyhZu38Pn5pJ,0.685,0.44,6,-12.157,0,0.404,0.0,0.106,0.299,97.472,246480,4
443,lollipop thug,SUGARTOWN,Warren Hue,29,Rafkyboy,2019-12-13,13vS5OU07nQ7xlaqFy4Nnc,0.797,0.53,9,-11.636,0,0.407,0.0,0.0872,0.665,159.962,164094,4
444,458 gummy st.,SUGARTOWN,Warren Hue,32,Chasu,2019-12-13,68B9C88nDiFc88pnjlTctm,0.862,0.76,4,-7.772,0,0.183,0.0,0.0792,0.448,150.05,183200,4
445,pluto,SUGARTOWN,Warren Hue,31,Ill Addicts,2019-12-13,1eXSRGiGMGThTcqIp9la39,0.882,0.631,11,-9.783,0,0.208,0.0,0.0704,0.84,140.028,162000,4
446,Getcho Mans,Brightside,Rich Brian,55,Warren Hue,2022-01-20,10b0n4KwuRyNteJ9WNjrdj,0.641,0.638,1,-9.975,1,0.214,1.26e-05,0.22,0.313,174.929,211307,4
447,RUNAWAY W ME,RUNAWAY W ME,Warren Hue,41,Warren Hue,2022-02-04,7pzfaLBUK9WvVT2ageCLZ5,0.651,0.677,4,-7.769,1,0.138,0.0,0.247,0.324,129.923,181840,4
448,W (with yvngxchris),W (with yvngxchris),Warren Hue,38,yvngxchris,2022-03-25,4pFkivUXTiGcEQS4dfcVc6,0.719,0.504,6,-6.449,1,0.422,0.0,0.215,0.493,164.926,151446,4
449,HANDSOME,HANDSOME,Warren Hue,38,Warren Hue,2022-06-24,79deaUtPDHb03XPGbw9vkn,0.762,0.686,10,-6.113,0,0.176,0.0,0.0846,0.385,89.992,126962,4
450,CHORDS AND PRESSURES,BOY OF THE YEAR,Warren Hue,37,Warren Hue,2022-07-29,14Dh2Seao6vp5MON5cCA2N,0.316,0.379,0,-6.402,1,0.0467,0.0,0.0727,0.345,69.489,104219,4
451,THIRTYNINE,BOY OF THE YEAR,Warren Hue,39,Warren Hue,2022-07-29,2qr71lIuzyme9oVwYngfyM,0.587,0.645,7,-5.13,1,0.134,0.0,0.17,0.708,95.061,104985,4
452,IN MY BAG (with tobi lou),BOY OF THE YEAR,Warren Hue,54,tobi lou,2022-07-29,3Vdu1sTIUi45NZvguJDmhk,0.705,0.731,3,-4.769,1,0.043,0.0,0.278,0.893,75.504,219676,4
453,HANDSOME,BOY OF THE YEAR,Warren Hue,45,Warren Hue,2022-07-29,58z1hY9hrwliXRIvQe8UOX,0.762,0.686,10,-6.113,0,0.176,0.0,0.0846,0.385,89.992,126962,4
454,W (with yvngxchris),BOY OF THE YEAR,Warren Hue,39,yvngxchris,2022-07-29,4U2BfAHYdfDG25XL9eG0BO,0.719,0.504,6,-6.449,1,0.422,0.0,0.215,0.493,164.926,151446,4
455,DEMOSTAR BEENLIT,BOY OF THE YEAR,Warren Hue,39,Warren Hue,2022-07-29,647TFpvzp7uPAAvOfetag9,0.779,0.871,1,-5.406,1,0.29,2.74e-06,0.0995,0.532,162.055,126043,4
456,RUNAWAY W ME,BOY OF THE YEAR,Warren Hue,42,Warren Hue,2022-07-29,3EXg5PZgK1dwZyzqLp9qES,0.651,0.677,4,-7.769,1,0.138,0.0,0.247,0.324,129.923,181840,4
457,JADE,BOY OF THE YEAR,Warren Hue,42,Warren Hue,2022-07-29,0Tolzy4HYGNprY18SHgeUe,0.598,0.824,11,-5.453,1,0.0726,0.000631,0.386,0.591,88.025,214795,4
